;Bundesland;Bildung;Altersgr;ErwerbStatus;GeimpftGenesen;Anz
0;Burgenland;Pflichtschule;ALT10IMST-4;1;1;611
1;Burgenland;Pflichtschule;ALT10IMST-4;1;3;285
2;Burgenland;Pflichtschule;ALT10IMST-4;1;2;396
3;Burgenland;Pflichtschule;ALT10IMST-4;1;0;472
4;Burgenland;Pflichtschule;ALT10IMST-4;0;1;471
5;Burgenland;Pflichtschule;ALT10IMST-4;0;3;173
6;Burgenland;Pflichtschule;ALT10IMST-4;0;2;303
7;Burgenland;Pflichtschule;ALT10IMST-4;0;0;456
8;Burgenland;Pflichtschule;ALT10IMST-5;1;1;1170
9;Burgenland;Pflichtschule;ALT10IMST-5;1;3;597
10;Burgenland;Pflichtschule;ALT10IMST-5;1;2;532
11;Burgenland;Pflichtschule;ALT10IMST-5;1;0;531
12;Burgenland;Pflichtschule;ALT10IMST-5;0;1;549
13;Burgenland;Pflichtschule;ALT10IMST-5;0;3;199
14;Burgenland;Pflichtschule;ALT10IMST-5;0;2;253
15;Burgenland;Pflichtschule;ALT10IMST-5;0;0;425
16;Burgenland;Pflichtschule;ALT10IMST-6;1;1;2010
17;Burgenland;Pflichtschule;ALT10IMST-6;1;3;932
18;Burgenland;Pflichtschule;ALT10IMST-6;1;2;575
19;Burgenland;Pflichtschule;ALT10IMST-6;1;0;688
20;Burgenland;Pflichtschule;ALT10IMST-6;0;1;835
21;Burgenland;Pflichtschule;ALT10IMST-6;0;3;206
22;Burgenland;Pflichtschule;ALT10IMST-6;0;2;188
23;Burgenland;Pflichtschule;ALT10IMST-6;0;0;421
24;Burgenland;Pflichtschule;ALT10IMST-7;1;1;2023
25;Burgenland;Pflichtschule;ALT10IMST-7;1;3;787
26;Burgenland;Pflichtschule;ALT10IMST-7;1;2;239
27;Burgenland;Pflichtschule;ALT10IMST-7;1;0;385
28;Burgenland;Pflichtschule;ALT10IMST-7;0;1;3781
29;Burgenland;Pflichtschule;ALT10IMST-7;0;3;924
30;Burgenland;Pflichtschule;ALT10IMST-7;0;2;275
31;Burgenland;Pflichtschule;ALT10IMST-7;0;0;812
32;Burgenland;Lehrabschluss/BMS;ALT10IMST-4;1;1;4194
33;Burgenland;Lehrabschluss/BMS;ALT10IMST-4;1;3;2475
34;Burgenland;Lehrabschluss/BMS;ALT10IMST-4;1;2;2177
35;Burgenland;Lehrabschluss/BMS;ALT10IMST-4;1;0;1828
36;Burgenland;Lehrabschluss/BMS;ALT10IMST-4;0;1;868
37;Burgenland;Lehrabschluss/BMS;ALT10IMST-4;0;3;341
38;Burgenland;Lehrabschluss/BMS;ALT10IMST-4;0;2;505
39;Burgenland;Lehrabschluss/BMS;ALT10IMST-4;0;0;647
40;Burgenland;Lehrabschluss/BMS;ALT10IMST-5;1;1;6354
41;Burgenland;Lehrabschluss/BMS;ALT10IMST-5;1;3;3998
42;Burgenland;Lehrabschluss/BMS;ALT10IMST-5;1;2;2712
43;Burgenland;Lehrabschluss/BMS;ALT10IMST-5;1;0;2185
44;Burgenland;Lehrabschluss/BMS;ALT10IMST-5;0;1;979
45;Burgenland;Lehrabschluss/BMS;ALT10IMST-5;0;3;358
46;Burgenland;Lehrabschluss/BMS;ALT10IMST-5;0;2;510
47;Burgenland;Lehrabschluss/BMS;ALT10IMST-5;0;0;671
48;Burgenland;Lehrabschluss/BMS;ALT10IMST-6;1;1;10611
49;Burgenland;Lehrabschluss/BMS;ALT10IMST-6;1;3;5493
50;Burgenland;Lehrabschluss/BMS;ALT10IMST-6;1;2;2350
51;Burgenland;Lehrabschluss/BMS;ALT10IMST-6;1;0;2273
52;Burgenland;Lehrabschluss/BMS;ALT10IMST-6;0;1;1681
53;Burgenland;Lehrabschluss/BMS;ALT10IMST-6;0;3;448
54;Burgenland;Lehrabschluss/BMS;ALT10IMST-6;0;2;373
55;Burgenland;Lehrabschluss/BMS;ALT10IMST-6;0;0;728
56;Burgenland;Lehrabschluss/BMS;ALT10IMST-7;1;1;9015
57;Burgenland;Lehrabschluss/BMS;ALT10IMST-7;1;3;3759
58;Burgenland;Lehrabschluss/BMS;ALT10IMST-7;1;2;1071
59;Burgenland;Lehrabschluss/BMS;ALT10IMST-7;1;0;1453
60;Burgenland;Lehrabschluss/BMS;ALT10IMST-7;0;1;8581
61;Burgenland;Lehrabschluss/BMS;ALT10IMST-7;0;3;2165
62;Burgenland;Lehrabschluss/BMS;ALT10IMST-7;0;2;625
63;Burgenland;Lehrabschluss/BMS;ALT10IMST-7;0;0;1655
64;Burgenland;BHS/AHS/Kolleg;ALT10IMST-4;1;1;2300
65;Burgenland;BHS/AHS/Kolleg;ALT10IMST-4;1;3;1845
66;Burgenland;BHS/AHS/Kolleg;ALT10IMST-4;1;2;939
67;Burgenland;BHS/AHS/Kolleg;ALT10IMST-4;1;0;596
68;Burgenland;BHS/AHS/Kolleg;ALT10IMST-4;0;1;505
69;Burgenland;BHS/AHS/Kolleg;ALT10IMST-4;0;3;277
70;Burgenland;BHS/AHS/Kolleg;ALT10IMST-4;0;2;231
71;Burgenland;BHS/AHS/Kolleg;ALT10IMST-4;0;0;235
72;Burgenland;BHS/AHS/Kolleg;ALT10IMST-5;1;1;2646
73;Burgenland;BHS/AHS/Kolleg;ALT10IMST-5;1;3;2160
74;Burgenland;BHS/AHS/Kolleg;ALT10IMST-5;1;2;1015
75;Burgenland;BHS/AHS/Kolleg;ALT10IMST-5;1;0;739
76;Burgenland;BHS/AHS/Kolleg;ALT10IMST-5;0;1;355
77;Burgenland;BHS/AHS/Kolleg;ALT10IMST-5;0;3;178
78;Burgenland;BHS/AHS/Kolleg;ALT10IMST-5;0;2;199
79;Burgenland;BHS/AHS/Kolleg;ALT10IMST-5;0;0;237
80;Burgenland;BHS/AHS/Kolleg;ALT10IMST-6;1;1;3459
81;Burgenland;BHS/AHS/Kolleg;ALT10IMST-6;1;3;2025
82;Burgenland;BHS/AHS/Kolleg;ALT10IMST-6;1;2;711
83;Burgenland;BHS/AHS/Kolleg;ALT10IMST-6;1;0;651
84;Burgenland;BHS/AHS/Kolleg;ALT10IMST-6;0;1;345
85;Burgenland;BHS/AHS/Kolleg;ALT10IMST-6;0;3;110
86;Burgenland;BHS/AHS/Kolleg;ALT10IMST-6;0;2;102
87;Burgenland;BHS/AHS/Kolleg;ALT10IMST-6;0;0;174
88;Burgenland;BHS/AHS/Kolleg;ALT10IMST-7;1;1;2541
89;Burgenland;BHS/AHS/Kolleg;ALT10IMST-7;1;3;1040
90;Burgenland;BHS/AHS/Kolleg;ALT10IMST-7;1;2;289
91;Burgenland;BHS/AHS/Kolleg;ALT10IMST-7;1;0;400
92;Burgenland;BHS/AHS/Kolleg;ALT10IMST-7;0;1;1292
93;Burgenland;BHS/AHS/Kolleg;ALT10IMST-7;0;3;346
94;Burgenland;BHS/AHS/Kolleg;ALT10IMST-7;0;2;111
95;Burgenland;BHS/AHS/Kolleg;ALT10IMST-7;0;0;342
96;Burgenland;Akademie/Hochschule;ALT10IMST-4;1;1;2074
97;Burgenland;Akademie/Hochschule;ALT10IMST-4;1;3;1872
98;Burgenland;Akademie/Hochschule;ALT10IMST-4;1;2;567
99;Burgenland;Akademie/Hochschule;ALT10IMST-4;1;0;358
100;Burgenland;Akademie/Hochschule;ALT10IMST-4;0;1;387
101;Burgenland;Akademie/Hochschule;ALT10IMST-4;0;3;226
102;Burgenland;Akademie/Hochschule;ALT10IMST-4;0;2;170
103;Burgenland;Akademie/Hochschule;ALT10IMST-4;0;0;139
104;Burgenland;Akademie/Hochschule;ALT10IMST-5;1;1;2558
105;Burgenland;Akademie/Hochschule;ALT10IMST-5;1;3;2336
106;Burgenland;Akademie/Hochschule;ALT10IMST-5;1;2;759
107;Burgenland;Akademie/Hochschule;ALT10IMST-5;1;0;507
108;Burgenland;Akademie/Hochschule;ALT10IMST-5;0;1;353
109;Burgenland;Akademie/Hochschule;ALT10IMST-5;0;3;175
110;Burgenland;Akademie/Hochschule;ALT10IMST-5;0;2;164
111;Burgenland;Akademie/Hochschule;ALT10IMST-5;0;0;206
112;Burgenland;Akademie/Hochschule;ALT10IMST-6;1;1;2778
113;Burgenland;Akademie/Hochschule;ALT10IMST-6;1;3;1922
114;Burgenland;Akademie/Hochschule;ALT10IMST-6;1;2;498
115;Burgenland;Akademie/Hochschule;ALT10IMST-6;1;0;435
116;Burgenland;Akademie/Hochschule;ALT10IMST-6;0;1;203
117;Burgenland;Akademie/Hochschule;ALT10IMST-6;0;3;60
118;Burgenland;Akademie/Hochschule;ALT10IMST-6;0;2;57
119;Burgenland;Akademie/Hochschule;ALT10IMST-6;0;0;98
120;Burgenland;Akademie/Hochschule;ALT10IMST-7;1;1;2335
121;Burgenland;Akademie/Hochschule;ALT10IMST-7;1;3;1120
122;Burgenland;Akademie/Hochschule;ALT10IMST-7;1;2;216
123;Burgenland;Akademie/Hochschule;ALT10IMST-7;1;0;290
124;Burgenland;Akademie/Hochschule;ALT10IMST-7;0;1;619
125;Burgenland;Akademie/Hochschule;ALT10IMST-7;0;3;143
126;Burgenland;Akademie/Hochschule;ALT10IMST-7;0;2;52
127;Burgenland;Akademie/Hochschule;ALT10IMST-7;0;0;162
128;Burgenland;N/A;ALT10IMST-4;1;3;3
129;Burgenland;N/A;ALT10IMST-4;1;0;1
130;Burgenland;N/A;ALT10IMST-4;0;1;8
131;Burgenland;N/A;ALT10IMST-4;0;2;1
132;Burgenland;N/A;ALT10IMST-4;0;0;4
133;Burgenland;N/A;ALT10IMST-5;1;1;3
134;Burgenland;N/A;ALT10IMST-5;1;2;2
135;Burgenland;N/A;ALT10IMST-5;1;0;2
136;Burgenland;N/A;ALT10IMST-5;0;1;2
137;Burgenland;N/A;ALT10IMST-5;0;3;1
138;Burgenland;N/A;ALT10IMST-5;0;2;2
139;Burgenland;N/A;ALT10IMST-5;0;0;6
140;Burgenland;N/A;ALT10IMST-6;1;1;1
141;Burgenland;N/A;ALT10IMST-6;1;3;1
142;Burgenland;N/A;ALT10IMST-6;1;2;3
143;Burgenland;N/A;ALT10IMST-6;1;0;1
144;Burgenland;N/A;ALT10IMST-6;0;1;2
145;Burgenland;N/A;ALT10IMST-6;0;2;1
146;Burgenland;N/A;ALT10IMST-6;0;0;4
147;Burgenland;N/A;ALT10IMST-7;1;0;1
148;Burgenland;N/A;ALT10IMST-7;0;1;1
149;Burgenland;N/A;ALT10IMST-7;0;0;1
150;Kärnten;Pflichtschule;ALT10IMST-4;1;1;1835
151;Kärnten;Pflichtschule;ALT10IMST-4;1;3;534
152;Kärnten;Pflichtschule;ALT10IMST-4;1;2;1254
153;Kärnten;Pflichtschule;ALT10IMST-4;1;0;1620
154;Kärnten;Pflichtschule;ALT10IMST-4;0;1;1127
155;Kärnten;Pflichtschule;ALT10IMST-4;0;3;271
156;Kärnten;Pflichtschule;ALT10IMST-4;0;2;636
157;Kärnten;Pflichtschule;ALT10IMST-4;0;0;1364
158;Kärnten;Pflichtschule;ALT10IMST-5;1;1;2239
159;Kärnten;Pflichtschule;ALT10IMST-5;1;3;728
160;Kärnten;Pflichtschule;ALT10IMST-5;1;2;1281
161;Kärnten;Pflichtschule;ALT10IMST-5;1;0;1484
162;Kärnten;Pflichtschule;ALT10IMST-5;0;1;1112
163;Kärnten;Pflichtschule;ALT10IMST-5;0;3;248
164;Kärnten;Pflichtschule;ALT10IMST-5;0;2;518
165;Kärnten;Pflichtschule;ALT10IMST-5;0;0;1058
166;Kärnten;Pflichtschule;ALT10IMST-6;1;1;2963
167;Kärnten;Pflichtschule;ALT10IMST-6;1;3;786
168;Kärnten;Pflichtschule;ALT10IMST-6;1;2;928
169;Kärnten;Pflichtschule;ALT10IMST-6;1;0;1404
170;Kärnten;Pflichtschule;ALT10IMST-6;0;1;1640
171;Kärnten;Pflichtschule;ALT10IMST-6;0;3;265
172;Kärnten;Pflichtschule;ALT10IMST-6;0;2;380
173;Kärnten;Pflichtschule;ALT10IMST-6;0;0;942
174;Kärnten;Pflichtschule;ALT10IMST-7;1;1;2587
175;Kärnten;Pflichtschule;ALT10IMST-7;1;3;590
176;Kärnten;Pflichtschule;ALT10IMST-7;1;2;520
177;Kärnten;Pflichtschule;ALT10IMST-7;1;0;921
178;Kärnten;Pflichtschule;ALT10IMST-7;0;1;4498
179;Kärnten;Pflichtschule;ALT10IMST-7;0;3;632
180;Kärnten;Pflichtschule;ALT10IMST-7;0;2;631
181;Kärnten;Pflichtschule;ALT10IMST-7;0;0;1870
182;Kärnten;Lehrabschluss/BMS;ALT10IMST-4;1;1;6997
183;Kärnten;Lehrabschluss/BMS;ALT10IMST-4;1;3;2908
184;Kärnten;Lehrabschluss/BMS;ALT10IMST-4;1;2;6148
185;Kärnten;Lehrabschluss/BMS;ALT10IMST-4;1;0;5612
186;Kärnten;Lehrabschluss/BMS;ALT10IMST-4;0;1;1604
187;Kärnten;Lehrabschluss/BMS;ALT10IMST-4;0;3;437
188;Kärnten;Lehrabschluss/BMS;ALT10IMST-4;0;2;1520
189;Kärnten;Lehrabschluss/BMS;ALT10IMST-4;0;0;1860
190;Kärnten;Lehrabschluss/BMS;ALT10IMST-5;1;1;9946
191;Kärnten;Lehrabschluss/BMS;ALT10IMST-5;1;3;4335
192;Kärnten;Lehrabschluss/BMS;ALT10IMST-5;1;2;6474
193;Kärnten;Lehrabschluss/BMS;ALT10IMST-5;1;0;6086
194;Kärnten;Lehrabschluss/BMS;ALT10IMST-5;0;1;1822
195;Kärnten;Lehrabschluss/BMS;ALT10IMST-5;0;3;438
196;Kärnten;Lehrabschluss/BMS;ALT10IMST-5;0;2;1161
197;Kärnten;Lehrabschluss/BMS;ALT10IMST-5;0;0;1660
198;Kärnten;Lehrabschluss/BMS;ALT10IMST-6;1;1;17969
199;Kärnten;Lehrabschluss/BMS;ALT10IMST-6;1;3;6235
200;Kärnten;Lehrabschluss/BMS;ALT10IMST-6;1;2;5773
201;Kärnten;Lehrabschluss/BMS;ALT10IMST-6;1;0;6747
202;Kärnten;Lehrabschluss/BMS;ALT10IMST-6;0;1;3593
203;Kärnten;Lehrabschluss/BMS;ALT10IMST-6;0;3;661
204;Kärnten;Lehrabschluss/BMS;ALT10IMST-6;0;2;988
205;Kärnten;Lehrabschluss/BMS;ALT10IMST-6;0;0;2024
206;Kärnten;Lehrabschluss/BMS;ALT10IMST-7;1;1;16305
207;Kärnten;Lehrabschluss/BMS;ALT10IMST-7;1;3;4705
208;Kärnten;Lehrabschluss/BMS;ALT10IMST-7;1;2;3183
209;Kärnten;Lehrabschluss/BMS;ALT10IMST-7;1;0;4590
210;Kärnten;Lehrabschluss/BMS;ALT10IMST-7;0;1;16880
211;Kärnten;Lehrabschluss/BMS;ALT10IMST-7;0;3;2846
212;Kärnten;Lehrabschluss/BMS;ALT10IMST-7;0;2;2228
213;Kärnten;Lehrabschluss/BMS;ALT10IMST-7;0;0;5005
214;Kärnten;BHS/AHS/Kolleg;ALT10IMST-4;1;1;4023
215;Kärnten;BHS/AHS/Kolleg;ALT10IMST-4;1;3;2136
216;Kärnten;BHS/AHS/Kolleg;ALT10IMST-4;1;2;2370
217;Kärnten;BHS/AHS/Kolleg;ALT10IMST-4;1;0;2119
218;Kärnten;BHS/AHS/Kolleg;ALT10IMST-4;0;1;943
219;Kärnten;BHS/AHS/Kolleg;ALT10IMST-4;0;3;350
220;Kärnten;BHS/AHS/Kolleg;ALT10IMST-4;0;2;624
221;Kärnten;BHS/AHS/Kolleg;ALT10IMST-4;0;0;725
222;Kärnten;BHS/AHS/Kolleg;ALT10IMST-5;1;1;4360
223;Kärnten;BHS/AHS/Kolleg;ALT10IMST-5;1;3;2284
224;Kärnten;BHS/AHS/Kolleg;ALT10IMST-5;1;2;2336
225;Kärnten;BHS/AHS/Kolleg;ALT10IMST-5;1;0;2038
226;Kärnten;BHS/AHS/Kolleg;ALT10IMST-5;0;1;565
227;Kärnten;BHS/AHS/Kolleg;ALT10IMST-5;0;3;191
228;Kärnten;BHS/AHS/Kolleg;ALT10IMST-5;0;2;347
229;Kärnten;BHS/AHS/Kolleg;ALT10IMST-5;0;0;458
230;Kärnten;BHS/AHS/Kolleg;ALT10IMST-6;1;1;5305
231;Kärnten;BHS/AHS/Kolleg;ALT10IMST-6;1;3;2295
232;Kärnten;BHS/AHS/Kolleg;ALT10IMST-6;1;2;1492
233;Kärnten;BHS/AHS/Kolleg;ALT10IMST-6;1;0;1595
234;Kärnten;BHS/AHS/Kolleg;ALT10IMST-6;0;1;633
235;Kärnten;BHS/AHS/Kolleg;ALT10IMST-6;0;3;144
236;Kärnten;BHS/AHS/Kolleg;ALT10IMST-6;0;2;173
237;Kärnten;BHS/AHS/Kolleg;ALT10IMST-6;0;0;360
238;Kärnten;BHS/AHS/Kolleg;ALT10IMST-7;1;1;4377
239;Kärnten;BHS/AHS/Kolleg;ALT10IMST-7;1;3;1454
240;Kärnten;BHS/AHS/Kolleg;ALT10IMST-7;1;2;643
241;Kärnten;BHS/AHS/Kolleg;ALT10IMST-7;1;0;982
242;Kärnten;BHS/AHS/Kolleg;ALT10IMST-7;0;1;2440
243;Kärnten;BHS/AHS/Kolleg;ALT10IMST-7;0;3;423
244;Kärnten;BHS/AHS/Kolleg;ALT10IMST-7;0;2;259
245;Kärnten;BHS/AHS/Kolleg;ALT10IMST-7;0;0;629
246;Kärnten;Akademie/Hochschule;ALT10IMST-4;1;1;3926
247;Kärnten;Akademie/Hochschule;ALT10IMST-4;1;3;2556
248;Kärnten;Akademie/Hochschule;ALT10IMST-4;1;2;1710
249;Kärnten;Akademie/Hochschule;ALT10IMST-4;1;0;1407
250;Kärnten;Akademie/Hochschule;ALT10IMST-4;0;1;793
251;Kärnten;Akademie/Hochschule;ALT10IMST-4;0;3;360
252;Kärnten;Akademie/Hochschule;ALT10IMST-4;0;2;510
253;Kärnten;Akademie/Hochschule;ALT10IMST-4;0;0;556
254;Kärnten;Akademie/Hochschule;ALT10IMST-5;1;1;5253
255;Kärnten;Akademie/Hochschule;ALT10IMST-5;1;3;3374
256;Kärnten;Akademie/Hochschule;ALT10IMST-5;1;2;2092
257;Kärnten;Akademie/Hochschule;ALT10IMST-5;1;0;1740
258;Kärnten;Akademie/Hochschule;ALT10IMST-5;0;1;681
259;Kärnten;Akademie/Hochschule;ALT10IMST-5;0;3;240
260;Kärnten;Akademie/Hochschule;ALT10IMST-5;0;2;363
261;Kärnten;Akademie/Hochschule;ALT10IMST-5;0;0;472
262;Kärnten;Akademie/Hochschule;ALT10IMST-6;1;1;5689
263;Kärnten;Akademie/Hochschule;ALT10IMST-6;1;3;2874
264;Kärnten;Akademie/Hochschule;ALT10IMST-6;1;2;1386
265;Kärnten;Akademie/Hochschule;ALT10IMST-6;1;0;1376
266;Kärnten;Akademie/Hochschule;ALT10IMST-6;0;1;501
267;Kärnten;Akademie/Hochschule;ALT10IMST-6;0;3;85
268;Kärnten;Akademie/Hochschule;ALT10IMST-6;0;2;126
269;Kärnten;Akademie/Hochschule;ALT10IMST-6;0;0;275
270;Kärnten;Akademie/Hochschule;ALT10IMST-7;1;1;5190
271;Kärnten;Akademie/Hochschule;ALT10IMST-7;1;3;2037
272;Kärnten;Akademie/Hochschule;ALT10IMST-7;1;2;614
273;Kärnten;Akademie/Hochschule;ALT10IMST-7;1;0;829
274;Kärnten;Akademie/Hochschule;ALT10IMST-7;0;1;1482
275;Kärnten;Akademie/Hochschule;ALT10IMST-7;0;3;299
276;Kärnten;Akademie/Hochschule;ALT10IMST-7;0;2;163
277;Kärnten;Akademie/Hochschule;ALT10IMST-7;0;0;375
278;Kärnten;N/A;ALT10IMST-4;1;1;8
279;Kärnten;N/A;ALT10IMST-4;1;3;1
280;Kärnten;N/A;ALT10IMST-4;1;2;2
281;Kärnten;N/A;ALT10IMST-4;1;0;6
282;Kärnten;N/A;ALT10IMST-4;0;1;8
283;Kärnten;N/A;ALT10IMST-4;0;3;1
284;Kärnten;N/A;ALT10IMST-4;0;2;4
285;Kärnten;N/A;ALT10IMST-4;0;0;17
286;Kärnten;N/A;ALT10IMST-5;1;1;3
287;Kärnten;N/A;ALT10IMST-5;1;3;1
288;Kärnten;N/A;ALT10IMST-5;1;2;1
289;Kärnten;N/A;ALT10IMST-5;1;0;4
290;Kärnten;N/A;ALT10IMST-5;0;1;8
291;Kärnten;N/A;ALT10IMST-5;0;3;1
292;Kärnten;N/A;ALT10IMST-5;0;2;5
293;Kärnten;N/A;ALT10IMST-5;0;0;11
294;Kärnten;N/A;ALT10IMST-6;1;1;1
295;Kärnten;N/A;ALT10IMST-6;1;3;1
296;Kärnten;N/A;ALT10IMST-6;1;2;2
297;Kärnten;N/A;ALT10IMST-6;1;0;3
298;Kärnten;N/A;ALT10IMST-6;0;1;5
299;Kärnten;N/A;ALT10IMST-6;0;0;1
300;Kärnten;N/A;ALT10IMST-7;1;1;1
301;Kärnten;N/A;ALT10IMST-7;1;2;1
302;Kärnten;N/A;ALT10IMST-7;1;0;2
303;Kärnten;N/A;ALT10IMST-7;0;1;10
304;Kärnten;N/A;ALT10IMST-7;0;0;3
305;Niederösterreich;Pflichtschule;ALT10IMST-4;1;1;5558
306;Niederösterreich;Pflichtschule;ALT10IMST-4;1;3;2397
307;Niederösterreich;Pflichtschule;ALT10IMST-4;1;2;3654
308;Niederösterreich;Pflichtschule;ALT10IMST-4;1;0;3741
309;Niederösterreich;Pflichtschule;ALT10IMST-4;0;1;3686
310;Niederösterreich;Pflichtschule;ALT10IMST-4;0;3;1220
311;Niederösterreich;Pflichtschule;ALT10IMST-4;0;2;2199
312;Niederösterreich;Pflichtschule;ALT10IMST-4;0;0;3241
313;Niederösterreich;Pflichtschule;ALT10IMST-5;1;1;8202
314;Niederösterreich;Pflichtschule;ALT10IMST-5;1;3;3805
315;Niederösterreich;Pflichtschule;ALT10IMST-5;1;2;4333
316;Niederösterreich;Pflichtschule;ALT10IMST-5;1;0;4236
317;Niederösterreich;Pflichtschule;ALT10IMST-5;0;1;3428
318;Niederösterreich;Pflichtschule;ALT10IMST-5;0;3;1122
319;Niederösterreich;Pflichtschule;ALT10IMST-5;0;2;1804
320;Niederösterreich;Pflichtschule;ALT10IMST-5;0;0;2502
321;Niederösterreich;Pflichtschule;ALT10IMST-6;1;1;11415
322;Niederösterreich;Pflichtschule;ALT10IMST-6;1;3;4523
323;Niederösterreich;Pflichtschule;ALT10IMST-6;1;2;3701
324;Niederösterreich;Pflichtschule;ALT10IMST-6;1;0;4234
325;Niederösterreich;Pflichtschule;ALT10IMST-6;0;1;4458
326;Niederösterreich;Pflichtschule;ALT10IMST-6;0;3;1135
327;Niederösterreich;Pflichtschule;ALT10IMST-6;0;2;1282
328;Niederösterreich;Pflichtschule;ALT10IMST-6;0;0;2456
329;Niederösterreich;Pflichtschule;ALT10IMST-7;1;1;9961
330;Niederösterreich;Pflichtschule;ALT10IMST-7;1;3;3281
331;Niederösterreich;Pflichtschule;ALT10IMST-7;1;2;2021
332;Niederösterreich;Pflichtschule;ALT10IMST-7;1;0;2789
333;Niederösterreich;Pflichtschule;ALT10IMST-7;0;1;14727
334;Niederösterreich;Pflichtschule;ALT10IMST-7;0;3;3166
335;Niederösterreich;Pflichtschule;ALT10IMST-7;0;2;1964
336;Niederösterreich;Pflichtschule;ALT10IMST-7;0;0;4816
337;Niederösterreich;Lehrabschluss/BMS;ALT10IMST-4;1;1;24628
338;Niederösterreich;Lehrabschluss/BMS;ALT10IMST-4;1;3;14458
339;Niederösterreich;Lehrabschluss/BMS;ALT10IMST-4;1;2;16738
340;Niederösterreich;Lehrabschluss/BMS;ALT10IMST-4;1;0;12169
341;Niederösterreich;Lehrabschluss/BMS;ALT10IMST-4;0;1;4506
342;Niederösterreich;Lehrabschluss/BMS;ALT10IMST-4;0;3;1972
343;Niederösterreich;Lehrabschluss/BMS;ALT10IMST-4;0;2;4093
344;Niederösterreich;Lehrabschluss/BMS;ALT10IMST-4;0;0;3688
345;Niederösterreich;Lehrabschluss/BMS;ALT10IMST-5;1;1;32188
346;Niederösterreich;Lehrabschluss/BMS;ALT10IMST-5;1;3;20134
347;Niederösterreich;Lehrabschluss/BMS;ALT10IMST-5;1;2;18503
348;Niederösterreich;Lehrabschluss/BMS;ALT10IMST-5;1;0;13023
349;Niederösterreich;Lehrabschluss/BMS;ALT10IMST-5;0;1;4442
350;Niederösterreich;Lehrabschluss/BMS;ALT10IMST-5;0;3;1699
351;Niederösterreich;Lehrabschluss/BMS;ALT10IMST-5;0;2;2725
352;Niederösterreich;Lehrabschluss/BMS;ALT10IMST-5;0;0;3016
353;Niederösterreich;Lehrabschluss/BMS;ALT10IMST-6;1;1;55581
354;Niederösterreich;Lehrabschluss/BMS;ALT10IMST-6;1;3;27476
355;Niederösterreich;Lehrabschluss/BMS;ALT10IMST-6;1;2;16443
356;Niederösterreich;Lehrabschluss/BMS;ALT10IMST-6;1;0;14807
357;Niederösterreich;Lehrabschluss/BMS;ALT10IMST-6;0;1;7563
358;Niederösterreich;Lehrabschluss/BMS;ALT10IMST-6;0;3;1895
359;Niederösterreich;Lehrabschluss/BMS;ALT10IMST-6;0;2;2046
360;Niederösterreich;Lehrabschluss/BMS;ALT10IMST-6;0;0;3463
361;Niederösterreich;Lehrabschluss/BMS;ALT10IMST-7;1;1;49874
362;Niederösterreich;Lehrabschluss/BMS;ALT10IMST-7;1;3;19878
363;Niederösterreich;Lehrabschluss/BMS;ALT10IMST-7;1;2;8195
364;Niederösterreich;Lehrabschluss/BMS;ALT10IMST-7;1;0;10028
365;Niederösterreich;Lehrabschluss/BMS;ALT10IMST-7;0;1;41357
366;Niederösterreich;Lehrabschluss/BMS;ALT10IMST-7;0;3;10022
367;Niederösterreich;Lehrabschluss/BMS;ALT10IMST-7;0;2;4444
368;Niederösterreich;Lehrabschluss/BMS;ALT10IMST-7;0;0;9371
369;Niederösterreich;BHS/AHS/Kolleg;ALT10IMST-4;1;1;13999
370;Niederösterreich;BHS/AHS/Kolleg;ALT10IMST-4;1;3;10645
371;Niederösterreich;BHS/AHS/Kolleg;ALT10IMST-4;1;2;6226
372;Niederösterreich;BHS/AHS/Kolleg;ALT10IMST-4;1;0;3955
373;Niederösterreich;BHS/AHS/Kolleg;ALT10IMST-4;0;1;2868
374;Niederösterreich;BHS/AHS/Kolleg;ALT10IMST-4;0;3;1613
375;Niederösterreich;BHS/AHS/Kolleg;ALT10IMST-4;0;2;1703
376;Niederösterreich;BHS/AHS/Kolleg;ALT10IMST-4;0;0;1535
377;Niederösterreich;BHS/AHS/Kolleg;ALT10IMST-5;1;1;15064
378;Niederösterreich;BHS/AHS/Kolleg;ALT10IMST-5;1;3;11177
379;Niederösterreich;BHS/AHS/Kolleg;ALT10IMST-5;1;2;6097
380;Niederösterreich;BHS/AHS/Kolleg;ALT10IMST-5;1;0;3993
381;Niederösterreich;BHS/AHS/Kolleg;ALT10IMST-5;0;1;1859
382;Niederösterreich;BHS/AHS/Kolleg;ALT10IMST-5;0;3;985
383;Niederösterreich;BHS/AHS/Kolleg;ALT10IMST-5;0;2;1026
384;Niederösterreich;BHS/AHS/Kolleg;ALT10IMST-5;0;0;1064
385;Niederösterreich;BHS/AHS/Kolleg;ALT10IMST-6;1;1;19003
386;Niederösterreich;BHS/AHS/Kolleg;ALT10IMST-6;1;3;10972
387;Niederösterreich;BHS/AHS/Kolleg;ALT10IMST-6;1;2;4373
388;Niederösterreich;BHS/AHS/Kolleg;ALT10IMST-6;1;0;3499
389;Niederösterreich;BHS/AHS/Kolleg;ALT10IMST-6;0;1;1868
390;Niederösterreich;BHS/AHS/Kolleg;ALT10IMST-6;0;3;567
391;Niederösterreich;BHS/AHS/Kolleg;ALT10IMST-6;0;2;502
392;Niederösterreich;BHS/AHS/Kolleg;ALT10IMST-6;0;0;836
393;Niederösterreich;BHS/AHS/Kolleg;ALT10IMST-7;1;1;14802
394;Niederösterreich;BHS/AHS/Kolleg;ALT10IMST-7;1;3;6301
395;Niederösterreich;BHS/AHS/Kolleg;ALT10IMST-7;1;2;1823
396;Niederösterreich;BHS/AHS/Kolleg;ALT10IMST-7;1;0;2183
397;Niederösterreich;BHS/AHS/Kolleg;ALT10IMST-7;0;1;6637
398;Niederösterreich;BHS/AHS/Kolleg;ALT10IMST-7;0;3;1616
399;Niederösterreich;BHS/AHS/Kolleg;ALT10IMST-7;0;2;605
400;Niederösterreich;BHS/AHS/Kolleg;ALT10IMST-7;0;0;1526
401;Niederösterreich;Akademie/Hochschule;ALT10IMST-4;1;1;12648
402;Niederösterreich;Akademie/Hochschule;ALT10IMST-4;1;3;11199
403;Niederösterreich;Akademie/Hochschule;ALT10IMST-4;1;2;3465
404;Niederösterreich;Akademie/Hochschule;ALT10IMST-4;1;0;2260
405;Niederösterreich;Akademie/Hochschule;ALT10IMST-4;0;1;2682
406;Niederösterreich;Akademie/Hochschule;ALT10IMST-4;0;3;1506
407;Niederösterreich;Akademie/Hochschule;ALT10IMST-4;0;2;1120
408;Niederösterreich;Akademie/Hochschule;ALT10IMST-4;0;0;1100
409;Niederösterreich;Akademie/Hochschule;ALT10IMST-5;1;1;16528
410;Niederösterreich;Akademie/Hochschule;ALT10IMST-5;1;3;14202
411;Niederösterreich;Akademie/Hochschule;ALT10IMST-5;1;2;4589
412;Niederösterreich;Akademie/Hochschule;ALT10IMST-5;1;0;3270
413;Niederösterreich;Akademie/Hochschule;ALT10IMST-5;0;1;2242
414;Niederösterreich;Akademie/Hochschule;ALT10IMST-5;0;3;1195
415;Niederösterreich;Akademie/Hochschule;ALT10IMST-5;0;2;951
416;Niederösterreich;Akademie/Hochschule;ALT10IMST-5;0;0;933
417;Niederösterreich;Akademie/Hochschule;ALT10IMST-6;1;1;18926
418;Niederösterreich;Akademie/Hochschule;ALT10IMST-6;1;3;12576
419;Niederösterreich;Akademie/Hochschule;ALT10IMST-6;1;2;3555
420;Niederösterreich;Akademie/Hochschule;ALT10IMST-6;1;0;2819
421;Niederösterreich;Akademie/Hochschule;ALT10IMST-6;0;1;1234
422;Niederösterreich;Akademie/Hochschule;ALT10IMST-6;0;3;453
423;Niederösterreich;Akademie/Hochschule;ALT10IMST-6;0;2;343
424;Niederösterreich;Akademie/Hochschule;ALT10IMST-6;0;0;561
425;Niederösterreich;Akademie/Hochschule;ALT10IMST-7;1;1;15181
426;Niederösterreich;Akademie/Hochschule;ALT10IMST-7;1;3;7329
427;Niederösterreich;Akademie/Hochschule;ALT10IMST-7;1;2;1537
428;Niederösterreich;Akademie/Hochschule;ALT10IMST-7;1;0;1815
429;Niederösterreich;Akademie/Hochschule;ALT10IMST-7;0;1;3829
430;Niederösterreich;Akademie/Hochschule;ALT10IMST-7;0;3;1091
431;Niederösterreich;Akademie/Hochschule;ALT10IMST-7;0;2;378
432;Niederösterreich;Akademie/Hochschule;ALT10IMST-7;0;0;887
433;Niederösterreich;N/A;ALT10IMST-4;1;1;13
434;Niederösterreich;N/A;ALT10IMST-4;1;3;6
435;Niederösterreich;N/A;ALT10IMST-4;1;2;3
436;Niederösterreich;N/A;ALT10IMST-4;1;0;12
437;Niederösterreich;N/A;ALT10IMST-4;0;1;27
438;Niederösterreich;N/A;ALT10IMST-4;0;3;7
439;Niederösterreich;N/A;ALT10IMST-4;0;2;9
440;Niederösterreich;N/A;ALT10IMST-4;0;0;31
441;Niederösterreich;N/A;ALT10IMST-5;1;1;7
442;Niederösterreich;N/A;ALT10IMST-5;1;3;2
443;Niederösterreich;N/A;ALT10IMST-5;1;2;2
444;Niederösterreich;N/A;ALT10IMST-5;1;0;11
445;Niederösterreich;N/A;ALT10IMST-5;0;1;9
446;Niederösterreich;N/A;ALT10IMST-5;0;3;4
447;Niederösterreich;N/A;ALT10IMST-5;0;2;4
448;Niederösterreich;N/A;ALT10IMST-5;0;0;17
449;Niederösterreich;N/A;ALT10IMST-6;1;1;8
450;Niederösterreich;N/A;ALT10IMST-6;1;2;2
451;Niederösterreich;N/A;ALT10IMST-6;1;0;10
452;Niederösterreich;N/A;ALT10IMST-6;0;1;13
453;Niederösterreich;N/A;ALT10IMST-6;0;2;3
454;Niederösterreich;N/A;ALT10IMST-6;0;0;9
455;Niederösterreich;N/A;ALT10IMST-7;1;1;4
456;Niederösterreich;N/A;ALT10IMST-7;1;0;7
457;Niederösterreich;N/A;ALT10IMST-7;0;1;8
458;Niederösterreich;N/A;ALT10IMST-7;0;3;1
459;Niederösterreich;N/A;ALT10IMST-7;0;2;1
460;Niederösterreich;N/A;ALT10IMST-7;0;0;9
461;Oberösterreich;Pflichtschule;ALT10IMST-4;1;1;5668
462;Oberösterreich;Pflichtschule;ALT10IMST-4;1;3;1995
463;Oberösterreich;Pflichtschule;ALT10IMST-4;1;2;5355
464;Oberösterreich;Pflichtschule;ALT10IMST-4;1;0;6110
465;Oberösterreich;Pflichtschule;ALT10IMST-4;0;1;3070
466;Oberösterreich;Pflichtschule;ALT10IMST-4;0;3;851
467;Oberösterreich;Pflichtschule;ALT10IMST-4;0;2;2410
468;Oberösterreich;Pflichtschule;ALT10IMST-4;0;0;3983
469;Oberösterreich;Pflichtschule;ALT10IMST-5;1;1;7891
470;Oberösterreich;Pflichtschule;ALT10IMST-5;1;3;3019
471;Oberösterreich;Pflichtschule;ALT10IMST-5;1;2;5747
472;Oberösterreich;Pflichtschule;ALT10IMST-5;1;0;6091
473;Oberösterreich;Pflichtschule;ALT10IMST-5;0;1;2889
474;Oberösterreich;Pflichtschule;ALT10IMST-5;0;3;780
475;Oberösterreich;Pflichtschule;ALT10IMST-5;0;2;1773
476;Oberösterreich;Pflichtschule;ALT10IMST-5;0;0;2733
477;Oberösterreich;Pflichtschule;ALT10IMST-6;1;1;11619
478;Oberösterreich;Pflichtschule;ALT10IMST-6;1;3;3994
479;Oberösterreich;Pflichtschule;ALT10IMST-6;1;2;5025
480;Oberösterreich;Pflichtschule;ALT10IMST-6;1;0;6248
481;Oberösterreich;Pflichtschule;ALT10IMST-6;0;1;3981
482;Oberösterreich;Pflichtschule;ALT10IMST-6;0;3;903
483;Oberösterreich;Pflichtschule;ALT10IMST-6;0;2;1158
484;Oberösterreich;Pflichtschule;ALT10IMST-6;0;0;2442
485;Oberösterreich;Pflichtschule;ALT10IMST-7;1;1;10857
486;Oberösterreich;Pflichtschule;ALT10IMST-7;1;3;3196
487;Oberösterreich;Pflichtschule;ALT10IMST-7;1;2;2668
488;Oberösterreich;Pflichtschule;ALT10IMST-7;1;0;3830
489;Oberösterreich;Pflichtschule;ALT10IMST-7;0;1;14262
490;Oberösterreich;Pflichtschule;ALT10IMST-7;0;3;2678
491;Oberösterreich;Pflichtschule;ALT10IMST-7;0;2;2278
492;Oberösterreich;Pflichtschule;ALT10IMST-7;0;0;5237
493;Oberösterreich;Lehrabschluss/BMS;ALT10IMST-4;1;1;22088
494;Oberösterreich;Lehrabschluss/BMS;ALT10IMST-4;1;3;12216
495;Oberösterreich;Lehrabschluss/BMS;ALT10IMST-4;1;2;22426
496;Oberösterreich;Lehrabschluss/BMS;ALT10IMST-4;1;0;17286
497;Oberösterreich;Lehrabschluss/BMS;ALT10IMST-4;0;1;3927
498;Oberösterreich;Lehrabschluss/BMS;ALT10IMST-4;0;3;1643
499;Oberösterreich;Lehrabschluss/BMS;ALT10IMST-4;0;2;4541
500;Oberösterreich;Lehrabschluss/BMS;ALT10IMST-4;0;0;4422
501;Oberösterreich;Lehrabschluss/BMS;ALT10IMST-5;1;1;27477
502;Oberösterreich;Lehrabschluss/BMS;ALT10IMST-5;1;3;16047
503;Oberösterreich;Lehrabschluss/BMS;ALT10IMST-5;1;2;22040
504;Oberösterreich;Lehrabschluss/BMS;ALT10IMST-5;1;0;16923
505;Oberösterreich;Lehrabschluss/BMS;ALT10IMST-5;0;1;3328
506;Oberösterreich;Lehrabschluss/BMS;ALT10IMST-5;0;3;1235
507;Oberösterreich;Lehrabschluss/BMS;ALT10IMST-5;0;2;2641
508;Oberösterreich;Lehrabschluss/BMS;ALT10IMST-5;0;0;3035
509;Oberösterreich;Lehrabschluss/BMS;ALT10IMST-6;1;1;44554
510;Oberösterreich;Lehrabschluss/BMS;ALT10IMST-6;1;3;20437
511;Oberösterreich;Lehrabschluss/BMS;ALT10IMST-6;1;2;18526
512;Oberösterreich;Lehrabschluss/BMS;ALT10IMST-6;1;0;17741
513;Oberösterreich;Lehrabschluss/BMS;ALT10IMST-6;0;1;5056
514;Oberösterreich;Lehrabschluss/BMS;ALT10IMST-6;0;3;1108
515;Oberösterreich;Lehrabschluss/BMS;ALT10IMST-6;0;2;1723
516;Oberösterreich;Lehrabschluss/BMS;ALT10IMST-6;0;0;2812
517;Oberösterreich;Lehrabschluss/BMS;ALT10IMST-7;1;1;42594
518;Oberösterreich;Lehrabschluss/BMS;ALT10IMST-7;1;3;16142
519;Oberösterreich;Lehrabschluss/BMS;ALT10IMST-7;1;2;9290
520;Oberösterreich;Lehrabschluss/BMS;ALT10IMST-7;1;0;11851
521;Oberösterreich;Lehrabschluss/BMS;ALT10IMST-7;0;1;32409
522;Oberösterreich;Lehrabschluss/BMS;ALT10IMST-7;0;3;7256
523;Oberösterreich;Lehrabschluss/BMS;ALT10IMST-7;0;2;4354
524;Oberösterreich;Lehrabschluss/BMS;ALT10IMST-7;0;0;8406
525;Oberösterreich;BHS/AHS/Kolleg;ALT10IMST-4;1;1;9859
526;Oberösterreich;BHS/AHS/Kolleg;ALT10IMST-4;1;3;7049
527;Oberösterreich;BHS/AHS/Kolleg;ALT10IMST-4;1;2;6142
528;Oberösterreich;BHS/AHS/Kolleg;ALT10IMST-4;1;0;4403
529;Oberösterreich;BHS/AHS/Kolleg;ALT10IMST-4;0;1;2363
530;Oberösterreich;BHS/AHS/Kolleg;ALT10IMST-4;0;3;1156
531;Oberösterreich;BHS/AHS/Kolleg;ALT10IMST-4;0;2;1641
532;Oberösterreich;BHS/AHS/Kolleg;ALT10IMST-4;0;0;1636
533;Oberösterreich;BHS/AHS/Kolleg;ALT10IMST-5;1;1;9268
534;Oberösterreich;BHS/AHS/Kolleg;ALT10IMST-5;1;3;6642
535;Oberösterreich;BHS/AHS/Kolleg;ALT10IMST-5;1;2;5672
536;Oberösterreich;BHS/AHS/Kolleg;ALT10IMST-5;1;0;3949
537;Oberösterreich;BHS/AHS/Kolleg;ALT10IMST-5;0;1;1175
538;Oberösterreich;BHS/AHS/Kolleg;ALT10IMST-5;0;3;521
539;Oberösterreich;BHS/AHS/Kolleg;ALT10IMST-5;0;2;851
540;Oberösterreich;BHS/AHS/Kolleg;ALT10IMST-5;0;0;891
541;Oberösterreich;BHS/AHS/Kolleg;ALT10IMST-6;1;1;10638
542;Oberösterreich;BHS/AHS/Kolleg;ALT10IMST-6;1;3;5938
543;Oberösterreich;BHS/AHS/Kolleg;ALT10IMST-6;1;2;3646
544;Oberösterreich;BHS/AHS/Kolleg;ALT10IMST-6;1;0;3172
545;Oberösterreich;BHS/AHS/Kolleg;ALT10IMST-6;0;1;1054
546;Oberösterreich;BHS/AHS/Kolleg;ALT10IMST-6;0;3;267
547;Oberösterreich;BHS/AHS/Kolleg;ALT10IMST-6;0;2;282
548;Oberösterreich;BHS/AHS/Kolleg;ALT10IMST-6;0;0;561
549;Oberösterreich;BHS/AHS/Kolleg;ALT10IMST-7;1;1;9021
550;Oberösterreich;BHS/AHS/Kolleg;ALT10IMST-7;1;3;3585
551;Oberösterreich;BHS/AHS/Kolleg;ALT10IMST-7;1;2;1459
552;Oberösterreich;BHS/AHS/Kolleg;ALT10IMST-7;1;0;1920
553;Oberösterreich;BHS/AHS/Kolleg;ALT10IMST-7;0;1;4138
554;Oberösterreich;BHS/AHS/Kolleg;ALT10IMST-7;0;3;898
555;Oberösterreich;BHS/AHS/Kolleg;ALT10IMST-7;0;2;452
556;Oberösterreich;BHS/AHS/Kolleg;ALT10IMST-7;0;0;1042
557;Oberösterreich;Akademie/Hochschule;ALT10IMST-4;1;1;11789
558;Oberösterreich;Akademie/Hochschule;ALT10IMST-4;1;3;9550
559;Oberösterreich;Akademie/Hochschule;ALT10IMST-4;1;2;4374
560;Oberösterreich;Akademie/Hochschule;ALT10IMST-4;1;0;3099
561;Oberösterreich;Akademie/Hochschule;ALT10IMST-4;0;1;2231
562;Oberösterreich;Akademie/Hochschule;ALT10IMST-4;0;3;1228
563;Oberösterreich;Akademie/Hochschule;ALT10IMST-4;0;2;1225
564;Oberösterreich;Akademie/Hochschule;ALT10IMST-4;0;0;1359
565;Oberösterreich;Akademie/Hochschule;ALT10IMST-5;1;1;13600
566;Oberösterreich;Akademie/Hochschule;ALT10IMST-5;1;3;10977
567;Oberösterreich;Akademie/Hochschule;ALT10IMST-5;1;2;5084
568;Oberösterreich;Akademie/Hochschule;ALT10IMST-5;1;0;3682
569;Oberösterreich;Akademie/Hochschule;ALT10IMST-5;0;1;1600
570;Oberösterreich;Akademie/Hochschule;ALT10IMST-5;0;3;815
571;Oberösterreich;Akademie/Hochschule;ALT10IMST-5;0;2;880
572;Oberösterreich;Akademie/Hochschule;ALT10IMST-5;0;0;912
573;Oberösterreich;Akademie/Hochschule;ALT10IMST-6;1;1;13124
574;Oberösterreich;Akademie/Hochschule;ALT10IMST-6;1;3;8343
575;Oberösterreich;Akademie/Hochschule;ALT10IMST-6;1;2;3213
576;Oberösterreich;Akademie/Hochschule;ALT10IMST-6;1;0;2835
577;Oberösterreich;Akademie/Hochschule;ALT10IMST-6;0;1;800
578;Oberösterreich;Akademie/Hochschule;ALT10IMST-6;0;3;219
579;Oberösterreich;Akademie/Hochschule;ALT10IMST-6;0;2;227
580;Oberösterreich;Akademie/Hochschule;ALT10IMST-6;0;0;436
581;Oberösterreich;Akademie/Hochschule;ALT10IMST-7;1;1;11352
582;Oberösterreich;Akademie/Hochschule;ALT10IMST-7;1;3;5381
583;Oberösterreich;Akademie/Hochschule;ALT10IMST-7;1;2;1333
584;Oberösterreich;Akademie/Hochschule;ALT10IMST-7;1;0;1674
585;Oberösterreich;Akademie/Hochschule;ALT10IMST-7;0;1;3173
586;Oberösterreich;Akademie/Hochschule;ALT10IMST-7;0;3;861
587;Oberösterreich;Akademie/Hochschule;ALT10IMST-7;0;2;306
588;Oberösterreich;Akademie/Hochschule;ALT10IMST-7;0;0;688
589;Oberösterreich;N/A;ALT10IMST-4;1;1;15
590;Oberösterreich;N/A;ALT10IMST-4;1;3;3
591;Oberösterreich;N/A;ALT10IMST-4;1;2;8
592;Oberösterreich;N/A;ALT10IMST-4;1;0;22
593;Oberösterreich;N/A;ALT10IMST-4;0;1;31
594;Oberösterreich;N/A;ALT10IMST-4;0;3;5
595;Oberösterreich;N/A;ALT10IMST-4;0;2;17
596;Oberösterreich;N/A;ALT10IMST-4;0;0;36
597;Oberösterreich;N/A;ALT10IMST-5;1;1;7
598;Oberösterreich;N/A;ALT10IMST-5;1;3;4
599;Oberösterreich;N/A;ALT10IMST-5;1;2;12
600;Oberösterreich;N/A;ALT10IMST-5;1;0;13
601;Oberösterreich;N/A;ALT10IMST-5;0;1;19
602;Oberösterreich;N/A;ALT10IMST-5;0;3;3
603;Oberösterreich;N/A;ALT10IMST-5;0;2;6
604;Oberösterreich;N/A;ALT10IMST-5;0;0;23
605;Oberösterreich;N/A;ALT10IMST-6;1;1;6
606;Oberösterreich;N/A;ALT10IMST-6;1;3;2
607;Oberösterreich;N/A;ALT10IMST-6;1;2;3
608;Oberösterreich;N/A;ALT10IMST-6;1;0;6
609;Oberösterreich;N/A;ALT10IMST-6;0;1;7
610;Oberösterreich;N/A;ALT10IMST-6;0;2;6
611;Oberösterreich;N/A;ALT10IMST-6;0;0;20
612;Oberösterreich;N/A;ALT10IMST-7;1;0;5
613;Oberösterreich;N/A;ALT10IMST-7;0;1;5
614;Oberösterreich;N/A;ALT10IMST-7;0;3;1
615;Oberösterreich;N/A;ALT10IMST-7;0;2;4
616;Oberösterreich;N/A;ALT10IMST-7;0;0;15
617;Salzburg;Pflichtschule;ALT10IMST-4;1;1;2358
618;Salzburg;Pflichtschule;ALT10IMST-4;1;3;879
619;Salzburg;Pflichtschule;ALT10IMST-4;1;2;1804
620;Salzburg;Pflichtschule;ALT10IMST-4;1;0;2044
621;Salzburg;Pflichtschule;ALT10IMST-4;0;1;934
622;Salzburg;Pflichtschule;ALT10IMST-4;0;3;299
623;Salzburg;Pflichtschule;ALT10IMST-4;0;2;617
624;Salzburg;Pflichtschule;ALT10IMST-4;0;0;1007
625;Salzburg;Pflichtschule;ALT10IMST-5;1;1;3027
626;Salzburg;Pflichtschule;ALT10IMST-5;1;3;1304
627;Salzburg;Pflichtschule;ALT10IMST-5;1;2;1912
628;Salzburg;Pflichtschule;ALT10IMST-5;1;0;2038
629;Salzburg;Pflichtschule;ALT10IMST-5;0;1;926
630;Salzburg;Pflichtschule;ALT10IMST-5;0;3;270
631;Salzburg;Pflichtschule;ALT10IMST-5;0;2;477
632;Salzburg;Pflichtschule;ALT10IMST-5;0;0;794
633;Salzburg;Pflichtschule;ALT10IMST-6;1;1;4274
634;Salzburg;Pflichtschule;ALT10IMST-6;1;3;1483
635;Salzburg;Pflichtschule;ALT10IMST-6;1;2;1576
636;Salzburg;Pflichtschule;ALT10IMST-6;1;0;1874
637;Salzburg;Pflichtschule;ALT10IMST-6;0;1;1201
638;Salzburg;Pflichtschule;ALT10IMST-6;0;3;318
639;Salzburg;Pflichtschule;ALT10IMST-6;0;2;348
640;Salzburg;Pflichtschule;ALT10IMST-6;0;0;732
641;Salzburg;Pflichtschule;ALT10IMST-7;1;1;3489
642;Salzburg;Pflichtschule;ALT10IMST-7;1;3;950
643;Salzburg;Pflichtschule;ALT10IMST-7;1;2;777
644;Salzburg;Pflichtschule;ALT10IMST-7;1;0;1151
645;Salzburg;Pflichtschule;ALT10IMST-7;0;1;3784
646;Salzburg;Pflichtschule;ALT10IMST-7;0;3;741
647;Salzburg;Pflichtschule;ALT10IMST-7;0;2;553
648;Salzburg;Pflichtschule;ALT10IMST-7;0;0;1459
649;Salzburg;Lehrabschluss/BMS;ALT10IMST-4;1;1;8030
650;Salzburg;Lehrabschluss/BMS;ALT10IMST-4;1;3;4367
651;Salzburg;Lehrabschluss/BMS;ALT10IMST-4;1;2;6880
652;Salzburg;Lehrabschluss/BMS;ALT10IMST-4;1;0;5436
653;Salzburg;Lehrabschluss/BMS;ALT10IMST-4;0;1;1331
654;Salzburg;Lehrabschluss/BMS;ALT10IMST-4;0;3;548
655;Salzburg;Lehrabschluss/BMS;ALT10IMST-4;0;2;1401
656;Salzburg;Lehrabschluss/BMS;ALT10IMST-4;0;0;1357
657;Salzburg;Lehrabschluss/BMS;ALT10IMST-5;1;1;10335
658;Salzburg;Lehrabschluss/BMS;ALT10IMST-5;1;3;6003
659;Salzburg;Lehrabschluss/BMS;ALT10IMST-5;1;2;7071
660;Salzburg;Lehrabschluss/BMS;ALT10IMST-5;1;0;5648
661;Salzburg;Lehrabschluss/BMS;ALT10IMST-5;0;1;1241
662;Salzburg;Lehrabschluss/BMS;ALT10IMST-5;0;3;513
663;Salzburg;Lehrabschluss/BMS;ALT10IMST-5;0;2;898
664;Salzburg;Lehrabschluss/BMS;ALT10IMST-5;0;0;1007
665;Salzburg;Lehrabschluss/BMS;ALT10IMST-6;1;1;16970
666;Salzburg;Lehrabschluss/BMS;ALT10IMST-6;1;3;7790
667;Salzburg;Lehrabschluss/BMS;ALT10IMST-6;1;2;6380
668;Salzburg;Lehrabschluss/BMS;ALT10IMST-6;1;0;6270
669;Salzburg;Lehrabschluss/BMS;ALT10IMST-6;0;1;1907
670;Salzburg;Lehrabschluss/BMS;ALT10IMST-6;0;3;446
671;Salzburg;Lehrabschluss/BMS;ALT10IMST-6;0;2;547
672;Salzburg;Lehrabschluss/BMS;ALT10IMST-6;0;0;901
673;Salzburg;Lehrabschluss/BMS;ALT10IMST-7;1;1;16259
674;Salzburg;Lehrabschluss/BMS;ALT10IMST-7;1;3;6060
675;Salzburg;Lehrabschluss/BMS;ALT10IMST-7;1;2;3392
676;Salzburg;Lehrabschluss/BMS;ALT10IMST-7;1;0;4370
677;Salzburg;Lehrabschluss/BMS;ALT10IMST-7;0;1;10726
678;Salzburg;Lehrabschluss/BMS;ALT10IMST-7;0;3;2492
679;Salzburg;Lehrabschluss/BMS;ALT10IMST-7;0;2;1530
680;Salzburg;Lehrabschluss/BMS;ALT10IMST-7;0;0;2635
681;Salzburg;BHS/AHS/Kolleg;ALT10IMST-4;1;1;4182
682;Salzburg;BHS/AHS/Kolleg;ALT10IMST-4;1;3;3031
683;Salzburg;BHS/AHS/Kolleg;ALT10IMST-4;1;2;2831
684;Salzburg;BHS/AHS/Kolleg;ALT10IMST-4;1;0;2016
685;Salzburg;BHS/AHS/Kolleg;ALT10IMST-4;0;1;915
686;Salzburg;BHS/AHS/Kolleg;ALT10IMST-4;0;3;441
687;Salzburg;BHS/AHS/Kolleg;ALT10IMST-4;0;2;665
688;Salzburg;BHS/AHS/Kolleg;ALT10IMST-4;0;0;714
689;Salzburg;BHS/AHS/Kolleg;ALT10IMST-5;1;1;3716
690;Salzburg;BHS/AHS/Kolleg;ALT10IMST-5;1;3;2682
691;Salzburg;BHS/AHS/Kolleg;ALT10IMST-5;1;2;2235
692;Salzburg;BHS/AHS/Kolleg;ALT10IMST-5;1;0;1609
693;Salzburg;BHS/AHS/Kolleg;ALT10IMST-5;0;1;470
694;Salzburg;BHS/AHS/Kolleg;ALT10IMST-5;0;3;238
695;Salzburg;BHS/AHS/Kolleg;ALT10IMST-5;0;2;317
696;Salzburg;BHS/AHS/Kolleg;ALT10IMST-5;0;0;352
697;Salzburg;BHS/AHS/Kolleg;ALT10IMST-6;1;1;4148
698;Salzburg;BHS/AHS/Kolleg;ALT10IMST-6;1;3;2334
699;Salzburg;BHS/AHS/Kolleg;ALT10IMST-6;1;2;1424
700;Salzburg;BHS/AHS/Kolleg;ALT10IMST-6;1;0;1230
701;Salzburg;BHS/AHS/Kolleg;ALT10IMST-6;0;1;405
702;Salzburg;BHS/AHS/Kolleg;ALT10IMST-6;0;3;123
703;Salzburg;BHS/AHS/Kolleg;ALT10IMST-6;0;2;122
704;Salzburg;BHS/AHS/Kolleg;ALT10IMST-6;0;0;216
705;Salzburg;BHS/AHS/Kolleg;ALT10IMST-7;1;1;3609
706;Salzburg;BHS/AHS/Kolleg;ALT10IMST-7;1;3;1530
707;Salzburg;BHS/AHS/Kolleg;ALT10IMST-7;1;2;625
708;Salzburg;BHS/AHS/Kolleg;ALT10IMST-7;1;0;804
709;Salzburg;BHS/AHS/Kolleg;ALT10IMST-7;0;1;1500
710;Salzburg;BHS/AHS/Kolleg;ALT10IMST-7;0;3;384
711;Salzburg;BHS/AHS/Kolleg;ALT10IMST-7;0;2;165
712;Salzburg;BHS/AHS/Kolleg;ALT10IMST-7;0;0;384
713;Salzburg;Akademie/Hochschule;ALT10IMST-4;1;1;4708
714;Salzburg;Akademie/Hochschule;ALT10IMST-4;1;3;3959
715;Salzburg;Akademie/Hochschule;ALT10IMST-4;1;2;2048
716;Salzburg;Akademie/Hochschule;ALT10IMST-4;1;0;1499
717;Salzburg;Akademie/Hochschule;ALT10IMST-4;0;1;937
718;Salzburg;Akademie/Hochschule;ALT10IMST-4;0;3;469
719;Salzburg;Akademie/Hochschule;ALT10IMST-4;0;2;555
720;Salzburg;Akademie/Hochschule;ALT10IMST-4;0;0;691
721;Salzburg;Akademie/Hochschule;ALT10IMST-5;1;1;5580
722;Salzburg;Akademie/Hochschule;ALT10IMST-5;1;3;4661
723;Salzburg;Akademie/Hochschule;ALT10IMST-5;1;2;2216
724;Salzburg;Akademie/Hochschule;ALT10IMST-5;1;0;1781
725;Salzburg;Akademie/Hochschule;ALT10IMST-5;0;1;788
726;Salzburg;Akademie/Hochschule;ALT10IMST-5;0;3;417
727;Salzburg;Akademie/Hochschule;ALT10IMST-5;0;2;401
728;Salzburg;Akademie/Hochschule;ALT10IMST-5;0;0;426
729;Salzburg;Akademie/Hochschule;ALT10IMST-6;1;1;5453
730;Salzburg;Akademie/Hochschule;ALT10IMST-6;1;3;3629
731;Salzburg;Akademie/Hochschule;ALT10IMST-6;1;2;1418
732;Salzburg;Akademie/Hochschule;ALT10IMST-6;1;0;1343
733;Salzburg;Akademie/Hochschule;ALT10IMST-6;0;1;394
734;Salzburg;Akademie/Hochschule;ALT10IMST-6;0;3;154
735;Salzburg;Akademie/Hochschule;ALT10IMST-6;0;2;118
736;Salzburg;Akademie/Hochschule;ALT10IMST-6;0;0;190
737;Salzburg;Akademie/Hochschule;ALT10IMST-7;1;1;5044
738;Salzburg;Akademie/Hochschule;ALT10IMST-7;1;3;2497
739;Salzburg;Akademie/Hochschule;ALT10IMST-7;1;2;682
740;Salzburg;Akademie/Hochschule;ALT10IMST-7;1;0;848
741;Salzburg;Akademie/Hochschule;ALT10IMST-7;0;1;1110
742;Salzburg;Akademie/Hochschule;ALT10IMST-7;0;3;284
743;Salzburg;Akademie/Hochschule;ALT10IMST-7;0;2;134
744;Salzburg;Akademie/Hochschule;ALT10IMST-7;0;0;312
745;Salzburg;N/A;ALT10IMST-4;1;1;9
746;Salzburg;N/A;ALT10IMST-4;1;3;3
747;Salzburg;N/A;ALT10IMST-4;1;2;4
748;Salzburg;N/A;ALT10IMST-4;1;0;11
749;Salzburg;N/A;ALT10IMST-4;0;1;11
750;Salzburg;N/A;ALT10IMST-4;0;2;3
751;Salzburg;N/A;ALT10IMST-4;0;0;15
752;Salzburg;N/A;ALT10IMST-5;1;1;4
753;Salzburg;N/A;ALT10IMST-5;1;3;3
754;Salzburg;N/A;ALT10IMST-5;1;2;3
755;Salzburg;N/A;ALT10IMST-5;1;0;6
756;Salzburg;N/A;ALT10IMST-5;0;1;6
757;Salzburg;N/A;ALT10IMST-5;0;3;1
758;Salzburg;N/A;ALT10IMST-5;0;2;1
759;Salzburg;N/A;ALT10IMST-5;0;0;12
760;Salzburg;N/A;ALT10IMST-6;1;1;3
761;Salzburg;N/A;ALT10IMST-6;1;3;1
762;Salzburg;N/A;ALT10IMST-6;1;2;3
763;Salzburg;N/A;ALT10IMST-6;1;0;3
764;Salzburg;N/A;ALT10IMST-6;0;1;8
765;Salzburg;N/A;ALT10IMST-6;0;3;1
766;Salzburg;N/A;ALT10IMST-6;0;0;5
767;Salzburg;N/A;ALT10IMST-7;1;1;3
768;Salzburg;N/A;ALT10IMST-7;1;3;1
769;Salzburg;N/A;ALT10IMST-7;1;2;1
770;Salzburg;N/A;ALT10IMST-7;1;0;1
771;Salzburg;N/A;ALT10IMST-7;0;1;4
772;Salzburg;N/A;ALT10IMST-7;0;3;1
773;Salzburg;N/A;ALT10IMST-7;0;2;1
774;Salzburg;N/A;ALT10IMST-7;0;0;4
775;Steiermark;Pflichtschule;ALT10IMST-4;1;1;3949
776;Steiermark;Pflichtschule;ALT10IMST-4;1;3;1438
777;Steiermark;Pflichtschule;ALT10IMST-4;1;2;2877
778;Steiermark;Pflichtschule;ALT10IMST-4;1;0;3311
779;Steiermark;Pflichtschule;ALT10IMST-4;0;1;2688
780;Steiermark;Pflichtschule;ALT10IMST-4;0;3;735
781;Steiermark;Pflichtschule;ALT10IMST-4;0;2;1599
782;Steiermark;Pflichtschule;ALT10IMST-4;0;0;2722
783;Steiermark;Pflichtschule;ALT10IMST-5;1;1;5767
784;Steiermark;Pflichtschule;ALT10IMST-5;1;3;2225
785;Steiermark;Pflichtschule;ALT10IMST-5;1;2;3190
786;Steiermark;Pflichtschule;ALT10IMST-5;1;0;3649
787;Steiermark;Pflichtschule;ALT10IMST-5;0;1;2808
788;Steiermark;Pflichtschule;ALT10IMST-5;0;3;719
789;Steiermark;Pflichtschule;ALT10IMST-5;0;2;1257
790;Steiermark;Pflichtschule;ALT10IMST-5;0;0;2290
791;Steiermark;Pflichtschule;ALT10IMST-6;1;1;8056
792;Steiermark;Pflichtschule;ALT10IMST-6;1;3;2568
793;Steiermark;Pflichtschule;ALT10IMST-6;1;2;2702
794;Steiermark;Pflichtschule;ALT10IMST-6;1;0;3424
795;Steiermark;Pflichtschule;ALT10IMST-6;0;1;3985
796;Steiermark;Pflichtschule;ALT10IMST-6;0;3;729
797;Steiermark;Pflichtschule;ALT10IMST-6;0;2;875
798;Steiermark;Pflichtschule;ALT10IMST-6;0;0;2045
799;Steiermark;Pflichtschule;ALT10IMST-7;1;1;6950
800;Steiermark;Pflichtschule;ALT10IMST-7;1;3;1864
801;Steiermark;Pflichtschule;ALT10IMST-7;1;2;1425
802;Steiermark;Pflichtschule;ALT10IMST-7;1;0;2051
803;Steiermark;Pflichtschule;ALT10IMST-7;0;1;11400
804;Steiermark;Pflichtschule;ALT10IMST-7;0;3;1799
805;Steiermark;Pflichtschule;ALT10IMST-7;0;2;1419
806;Steiermark;Pflichtschule;ALT10IMST-7;0;0;3401
807;Steiermark;Lehrabschluss/BMS;ALT10IMST-4;1;1;18993
808;Steiermark;Lehrabschluss/BMS;ALT10IMST-4;1;3;9300
809;Steiermark;Lehrabschluss/BMS;ALT10IMST-4;1;2;13637
810;Steiermark;Lehrabschluss/BMS;ALT10IMST-4;1;0;10592
811;Steiermark;Lehrabschluss/BMS;ALT10IMST-4;0;1;3856
812;Steiermark;Lehrabschluss/BMS;ALT10IMST-4;0;3;1340
813;Steiermark;Lehrabschluss/BMS;ALT10IMST-4;0;2;3001
814;Steiermark;Lehrabschluss/BMS;ALT10IMST-4;0;0;3189
815;Steiermark;Lehrabschluss/BMS;ALT10IMST-5;1;1;25012
816;Steiermark;Lehrabschluss/BMS;ALT10IMST-5;1;3;12728
817;Steiermark;Lehrabschluss/BMS;ALT10IMST-5;1;2;14302
818;Steiermark;Lehrabschluss/BMS;ALT10IMST-5;1;0;10675
819;Steiermark;Lehrabschluss/BMS;ALT10IMST-5;0;1;3552
820;Steiermark;Lehrabschluss/BMS;ALT10IMST-5;0;3;1141
821;Steiermark;Lehrabschluss/BMS;ALT10IMST-5;0;2;1912
822;Steiermark;Lehrabschluss/BMS;ALT10IMST-5;0;0;2472
823;Steiermark;Lehrabschluss/BMS;ALT10IMST-6;1;1;41974
824;Steiermark;Lehrabschluss/BMS;ALT10IMST-6;1;3;16924
825;Steiermark;Lehrabschluss/BMS;ALT10IMST-6;1;2;12933
826;Steiermark;Lehrabschluss/BMS;ALT10IMST-6;1;0;12040
827;Steiermark;Lehrabschluss/BMS;ALT10IMST-6;0;1;6736
828;Steiermark;Lehrabschluss/BMS;ALT10IMST-6;0;3;1365
829;Steiermark;Lehrabschluss/BMS;ALT10IMST-6;0;2;1744
830;Steiermark;Lehrabschluss/BMS;ALT10IMST-6;0;0;2886
831;Steiermark;Lehrabschluss/BMS;ALT10IMST-7;1;1;35994
832;Steiermark;Lehrabschluss/BMS;ALT10IMST-7;1;3;11831
833;Steiermark;Lehrabschluss/BMS;ALT10IMST-7;1;2;6528
834;Steiermark;Lehrabschluss/BMS;ALT10IMST-7;1;0;7728
835;Steiermark;Lehrabschluss/BMS;ALT10IMST-7;0;1;35118
836;Steiermark;Lehrabschluss/BMS;ALT10IMST-7;0;3;6577
837;Steiermark;Lehrabschluss/BMS;ALT10IMST-7;0;2;3965
838;Steiermark;Lehrabschluss/BMS;ALT10IMST-7;0;0;7659
839;Steiermark;BHS/AHS/Kolleg;ALT10IMST-4;1;1;11781
840;Steiermark;BHS/AHS/Kolleg;ALT10IMST-4;1;3;7526
841;Steiermark;BHS/AHS/Kolleg;ALT10IMST-4;1;2;5429
842;Steiermark;BHS/AHS/Kolleg;ALT10IMST-4;1;0;3852
843;Steiermark;BHS/AHS/Kolleg;ALT10IMST-4;0;1;2885
844;Steiermark;BHS/AHS/Kolleg;ALT10IMST-4;0;3;1199
845;Steiermark;BHS/AHS/Kolleg;ALT10IMST-4;0;2;1320
846;Steiermark;BHS/AHS/Kolleg;ALT10IMST-4;0;0;1629
847;Steiermark;BHS/AHS/Kolleg;ALT10IMST-5;1;1;10354
848;Steiermark;BHS/AHS/Kolleg;ALT10IMST-5;1;3;6574
849;Steiermark;BHS/AHS/Kolleg;ALT10IMST-5;1;2;4580
850;Steiermark;BHS/AHS/Kolleg;ALT10IMST-5;1;0;3235
851;Steiermark;BHS/AHS/Kolleg;ALT10IMST-5;0;1;1440
852;Steiermark;BHS/AHS/Kolleg;ALT10IMST-5;0;3;536
853;Steiermark;BHS/AHS/Kolleg;ALT10IMST-5;0;2;727
854;Steiermark;BHS/AHS/Kolleg;ALT10IMST-5;0;0;840
855;Steiermark;BHS/AHS/Kolleg;ALT10IMST-6;1;1;11248
856;Steiermark;BHS/AHS/Kolleg;ALT10IMST-6;1;3;5605
857;Steiermark;BHS/AHS/Kolleg;ALT10IMST-6;1;2;2820
858;Steiermark;BHS/AHS/Kolleg;ALT10IMST-6;1;0;2450
859;Steiermark;BHS/AHS/Kolleg;ALT10IMST-6;0;1;1340
860;Steiermark;BHS/AHS/Kolleg;ALT10IMST-6;0;3;286
861;Steiermark;BHS/AHS/Kolleg;ALT10IMST-6;0;2;365
862;Steiermark;BHS/AHS/Kolleg;ALT10IMST-6;0;0;666
863;Steiermark;BHS/AHS/Kolleg;ALT10IMST-7;1;1;8261
864;Steiermark;BHS/AHS/Kolleg;ALT10IMST-7;1;3;3014
865;Steiermark;BHS/AHS/Kolleg;ALT10IMST-7;1;2;1174
866;Steiermark;BHS/AHS/Kolleg;ALT10IMST-7;1;0;1424
867;Steiermark;BHS/AHS/Kolleg;ALT10IMST-7;0;1;4068
868;Steiermark;BHS/AHS/Kolleg;ALT10IMST-7;0;3;781
869;Steiermark;BHS/AHS/Kolleg;ALT10IMST-7;0;2;433
870;Steiermark;BHS/AHS/Kolleg;ALT10IMST-7;0;0;952
871;Steiermark;Akademie/Hochschule;ALT10IMST-4;1;1;12933
872;Steiermark;Akademie/Hochschule;ALT10IMST-4;1;3;10405
873;Steiermark;Akademie/Hochschule;ALT10IMST-4;1;2;3779
874;Steiermark;Akademie/Hochschule;ALT10IMST-4;1;0;2651
875;Steiermark;Akademie/Hochschule;ALT10IMST-4;0;1;2646
876;Steiermark;Akademie/Hochschule;ALT10IMST-4;0;3;1196
877;Steiermark;Akademie/Hochschule;ALT10IMST-4;0;2;921
878;Steiermark;Akademie/Hochschule;ALT10IMST-4;0;0;1223
879;Steiermark;Akademie/Hochschule;ALT10IMST-5;1;1;13735
880;Steiermark;Akademie/Hochschule;ALT10IMST-5;1;3;10394
881;Steiermark;Akademie/Hochschule;ALT10IMST-5;1;2;3953
882;Steiermark;Akademie/Hochschule;ALT10IMST-5;1;0;2744
883;Steiermark;Akademie/Hochschule;ALT10IMST-5;0;1;1801
884;Steiermark;Akademie/Hochschule;ALT10IMST-5;0;3;827
885;Steiermark;Akademie/Hochschule;ALT10IMST-5;0;2;718
886;Steiermark;Akademie/Hochschule;ALT10IMST-5;0;0;857
887;Steiermark;Akademie/Hochschule;ALT10IMST-6;1;1;12967
888;Steiermark;Akademie/Hochschule;ALT10IMST-6;1;3;7375
889;Steiermark;Akademie/Hochschule;ALT10IMST-6;1;2;2421
890;Steiermark;Akademie/Hochschule;ALT10IMST-6;1;0;2190
891;Steiermark;Akademie/Hochschule;ALT10IMST-6;0;1;974
892;Steiermark;Akademie/Hochschule;ALT10IMST-6;0;3;244
893;Steiermark;Akademie/Hochschule;ALT10IMST-6;0;2;235
894;Steiermark;Akademie/Hochschule;ALT10IMST-6;0;0;470
895;Steiermark;Akademie/Hochschule;ALT10IMST-7;1;1;11083
896;Steiermark;Akademie/Hochschule;ALT10IMST-7;1;3;4663
897;Steiermark;Akademie/Hochschule;ALT10IMST-7;1;2;1114
898;Steiermark;Akademie/Hochschule;ALT10IMST-7;1;0;1337
899;Steiermark;Akademie/Hochschule;ALT10IMST-7;0;1;3126
900;Steiermark;Akademie/Hochschule;ALT10IMST-7;0;3;714
901;Steiermark;Akademie/Hochschule;ALT10IMST-7;0;2;313
902;Steiermark;Akademie/Hochschule;ALT10IMST-7;0;0;668
903;Steiermark;N/A;ALT10IMST-4;1;1;8
904;Steiermark;N/A;ALT10IMST-4;1;3;1
905;Steiermark;N/A;ALT10IMST-4;1;2;9
906;Steiermark;N/A;ALT10IMST-4;1;0;14
907;Steiermark;N/A;ALT10IMST-4;0;1;29
908;Steiermark;N/A;ALT10IMST-4;0;3;3
909;Steiermark;N/A;ALT10IMST-4;0;2;11
910;Steiermark;N/A;ALT10IMST-4;0;0;32
911;Steiermark;N/A;ALT10IMST-5;1;1;8
912;Steiermark;N/A;ALT10IMST-5;1;3;1
913;Steiermark;N/A;ALT10IMST-5;1;2;5
914;Steiermark;N/A;ALT10IMST-5;1;0;8
915;Steiermark;N/A;ALT10IMST-5;0;1;17
916;Steiermark;N/A;ALT10IMST-5;0;3;3
917;Steiermark;N/A;ALT10IMST-5;0;2;3
918;Steiermark;N/A;ALT10IMST-5;0;0;15
919;Steiermark;N/A;ALT10IMST-6;1;1;9
920;Steiermark;N/A;ALT10IMST-6;1;3;1
921;Steiermark;N/A;ALT10IMST-6;1;0;9
922;Steiermark;N/A;ALT10IMST-6;0;1;12
923;Steiermark;N/A;ALT10IMST-6;0;2;3
924;Steiermark;N/A;ALT10IMST-6;0;0;13
925;Steiermark;N/A;ALT10IMST-7;1;1;3
926;Steiermark;N/A;ALT10IMST-7;1;3;1
927;Steiermark;N/A;ALT10IMST-7;1;0;3
928;Steiermark;N/A;ALT10IMST-7;0;1;8
929;Steiermark;N/A;ALT10IMST-7;0;3;1
930;Steiermark;N/A;ALT10IMST-7;0;0;7
931;Tirol;Pflichtschule;ALT10IMST-4;1;1;3381
932;Tirol;Pflichtschule;ALT10IMST-4;1;3;1334
933;Tirol;Pflichtschule;ALT10IMST-4;1;2;2358
934;Tirol;Pflichtschule;ALT10IMST-4;1;0;2603
935;Tirol;Pflichtschule;ALT10IMST-4;0;1;1321
936;Tirol;Pflichtschule;ALT10IMST-4;0;3;372
937;Tirol;Pflichtschule;ALT10IMST-4;0;2;834
938;Tirol;Pflichtschule;ALT10IMST-4;0;0;1369
939;Tirol;Pflichtschule;ALT10IMST-5;1;1;4516
940;Tirol;Pflichtschule;ALT10IMST-5;1;3;1807
941;Tirol;Pflichtschule;ALT10IMST-5;1;2;2357
942;Tirol;Pflichtschule;ALT10IMST-5;1;0;2503
943;Tirol;Pflichtschule;ALT10IMST-5;0;1;1346
944;Tirol;Pflichtschule;ALT10IMST-5;0;3;382
945;Tirol;Pflichtschule;ALT10IMST-5;0;2;665
946;Tirol;Pflichtschule;ALT10IMST-5;0;0;1036
947;Tirol;Pflichtschule;ALT10IMST-6;1;1;6684
948;Tirol;Pflichtschule;ALT10IMST-6;1;3;2213
949;Tirol;Pflichtschule;ALT10IMST-6;1;2;2125
950;Tirol;Pflichtschule;ALT10IMST-6;1;0;2492
951;Tirol;Pflichtschule;ALT10IMST-6;0;1;1878
952;Tirol;Pflichtschule;ALT10IMST-6;0;3;421
953;Tirol;Pflichtschule;ALT10IMST-6;0;2;487
954;Tirol;Pflichtschule;ALT10IMST-6;0;0;992
955;Tirol;Pflichtschule;ALT10IMST-7;1;1;6048
956;Tirol;Pflichtschule;ALT10IMST-7;1;3;1676
957;Tirol;Pflichtschule;ALT10IMST-7;1;2;1203
958;Tirol;Pflichtschule;ALT10IMST-7;1;0;1831
959;Tirol;Pflichtschule;ALT10IMST-7;0;1;6548
960;Tirol;Pflichtschule;ALT10IMST-7;0;3;1215
961;Tirol;Pflichtschule;ALT10IMST-7;0;2;931
962;Tirol;Pflichtschule;ALT10IMST-7;0;0;2082
963;Tirol;Lehrabschluss/BMS;ALT10IMST-4;1;1;13239
964;Tirol;Lehrabschluss/BMS;ALT10IMST-4;1;3;6606
965;Tirol;Lehrabschluss/BMS;ALT10IMST-4;1;2;9116
966;Tirol;Lehrabschluss/BMS;ALT10IMST-4;1;0;7373
967;Tirol;Lehrabschluss/BMS;ALT10IMST-4;0;1;2279
968;Tirol;Lehrabschluss/BMS;ALT10IMST-4;0;3;834
969;Tirol;Lehrabschluss/BMS;ALT10IMST-4;0;2;2118
970;Tirol;Lehrabschluss/BMS;ALT10IMST-4;0;0;2006
971;Tirol;Lehrabschluss/BMS;ALT10IMST-5;1;1;16285
972;Tirol;Lehrabschluss/BMS;ALT10IMST-5;1;3;8886
973;Tirol;Lehrabschluss/BMS;ALT10IMST-5;1;2;8995
974;Tirol;Lehrabschluss/BMS;ALT10IMST-5;1;0;7130
975;Tirol;Lehrabschluss/BMS;ALT10IMST-5;0;1;2078
976;Tirol;Lehrabschluss/BMS;ALT10IMST-5;0;3;851
977;Tirol;Lehrabschluss/BMS;ALT10IMST-5;0;2;1287
978;Tirol;Lehrabschluss/BMS;ALT10IMST-5;0;0;1478
979;Tirol;Lehrabschluss/BMS;ALT10IMST-6;1;1;25183
980;Tirol;Lehrabschluss/BMS;ALT10IMST-6;1;3;10503
981;Tirol;Lehrabschluss/BMS;ALT10IMST-6;1;2;7732
982;Tirol;Lehrabschluss/BMS;ALT10IMST-6;1;0;7352
983;Tirol;Lehrabschluss/BMS;ALT10IMST-6;0;1;2922
984;Tirol;Lehrabschluss/BMS;ALT10IMST-6;0;3;713
985;Tirol;Lehrabschluss/BMS;ALT10IMST-6;0;2;852
986;Tirol;Lehrabschluss/BMS;ALT10IMST-6;0;0;1373
987;Tirol;Lehrabschluss/BMS;ALT10IMST-7;1;1;23019
988;Tirol;Lehrabschluss/BMS;ALT10IMST-7;1;3;7668
989;Tirol;Lehrabschluss/BMS;ALT10IMST-7;1;2;4161
990;Tirol;Lehrabschluss/BMS;ALT10IMST-7;1;0;5349
991;Tirol;Lehrabschluss/BMS;ALT10IMST-7;0;1;14677
992;Tirol;Lehrabschluss/BMS;ALT10IMST-7;0;3;3180
993;Tirol;Lehrabschluss/BMS;ALT10IMST-7;0;2;1813
994;Tirol;Lehrabschluss/BMS;ALT10IMST-7;0;0;3490
995;Tirol;BHS/AHS/Kolleg;ALT10IMST-4;1;1;6290
996;Tirol;BHS/AHS/Kolleg;ALT10IMST-4;1;3;4212
997;Tirol;BHS/AHS/Kolleg;ALT10IMST-4;1;2;3090
998;Tirol;BHS/AHS/Kolleg;ALT10IMST-4;1;0;2284
999;Tirol;BHS/AHS/Kolleg;ALT10IMST-4;0;1;1501
1000;Tirol;BHS/AHS/Kolleg;ALT10IMST-4;0;3;676
1001;Tirol;BHS/AHS/Kolleg;ALT10IMST-4;0;2;780
1002;Tirol;BHS/AHS/Kolleg;ALT10IMST-4;0;0;1038
1003;Tirol;BHS/AHS/Kolleg;ALT10IMST-5;1;1;5332
1004;Tirol;BHS/AHS/Kolleg;ALT10IMST-5;1;3;3514
1005;Tirol;BHS/AHS/Kolleg;ALT10IMST-5;1;2;2310
1006;Tirol;BHS/AHS/Kolleg;ALT10IMST-5;1;0;1785
1007;Tirol;BHS/AHS/Kolleg;ALT10IMST-5;0;1;707
1008;Tirol;BHS/AHS/Kolleg;ALT10IMST-5;0;3;348
1009;Tirol;BHS/AHS/Kolleg;ALT10IMST-5;0;2;413
1010;Tirol;BHS/AHS/Kolleg;ALT10IMST-5;0;0;469
1011;Tirol;BHS/AHS/Kolleg;ALT10IMST-6;1;1;5892
1012;Tirol;BHS/AHS/Kolleg;ALT10IMST-6;1;3;3012
1013;Tirol;BHS/AHS/Kolleg;ALT10IMST-6;1;2;1579
1014;Tirol;BHS/AHS/Kolleg;ALT10IMST-6;1;0;1443
1015;Tirol;BHS/AHS/Kolleg;ALT10IMST-6;0;1;588
1016;Tirol;BHS/AHS/Kolleg;ALT10IMST-6;0;3;172
1017;Tirol;BHS/AHS/Kolleg;ALT10IMST-6;0;2;131
1018;Tirol;BHS/AHS/Kolleg;ALT10IMST-6;0;0;273
1019;Tirol;BHS/AHS/Kolleg;ALT10IMST-7;1;1;4651
1020;Tirol;BHS/AHS/Kolleg;ALT10IMST-7;1;3;1763
1021;Tirol;BHS/AHS/Kolleg;ALT10IMST-7;1;2;663
1022;Tirol;BHS/AHS/Kolleg;ALT10IMST-7;1;0;891
1023;Tirol;BHS/AHS/Kolleg;ALT10IMST-7;0;1;1799
1024;Tirol;BHS/AHS/Kolleg;ALT10IMST-7;0;3;465
1025;Tirol;BHS/AHS/Kolleg;ALT10IMST-7;0;2;201
1026;Tirol;BHS/AHS/Kolleg;ALT10IMST-7;0;0;446
1027;Tirol;Akademie/Hochschule;ALT10IMST-4;1;1;7336
1028;Tirol;Akademie/Hochschule;ALT10IMST-4;1;3;5947
1029;Tirol;Akademie/Hochschule;ALT10IMST-4;1;2;2417
1030;Tirol;Akademie/Hochschule;ALT10IMST-4;1;0;1702
1031;Tirol;Akademie/Hochschule;ALT10IMST-4;0;1;1534
1032;Tirol;Akademie/Hochschule;ALT10IMST-4;0;3;741
1033;Tirol;Akademie/Hochschule;ALT10IMST-4;0;2;691
1034;Tirol;Akademie/Hochschule;ALT10IMST-4;0;0;1061
1035;Tirol;Akademie/Hochschule;ALT10IMST-5;1;1;7690
1036;Tirol;Akademie/Hochschule;ALT10IMST-5;1;3;5986
1037;Tirol;Akademie/Hochschule;ALT10IMST-5;1;2;2336
1038;Tirol;Akademie/Hochschule;ALT10IMST-5;1;0;1889
1039;Tirol;Akademie/Hochschule;ALT10IMST-5;0;1;1072
1040;Tirol;Akademie/Hochschule;ALT10IMST-5;0;3;557
1041;Tirol;Akademie/Hochschule;ALT10IMST-5;0;2;486
1042;Tirol;Akademie/Hochschule;ALT10IMST-5;0;0;498
1043;Tirol;Akademie/Hochschule;ALT10IMST-6;1;1;7520
1044;Tirol;Akademie/Hochschule;ALT10IMST-6;1;3;4677
1045;Tirol;Akademie/Hochschule;ALT10IMST-6;1;2;1646
1046;Tirol;Akademie/Hochschule;ALT10IMST-6;1;0;1586
1047;Tirol;Akademie/Hochschule;ALT10IMST-6;0;1;526
1048;Tirol;Akademie/Hochschule;ALT10IMST-6;0;3;177
1049;Tirol;Akademie/Hochschule;ALT10IMST-6;0;2;142
1050;Tirol;Akademie/Hochschule;ALT10IMST-6;0;0;283
1051;Tirol;Akademie/Hochschule;ALT10IMST-7;1;1;6715
1052;Tirol;Akademie/Hochschule;ALT10IMST-7;1;3;2895
1053;Tirol;Akademie/Hochschule;ALT10IMST-7;1;2;766
1054;Tirol;Akademie/Hochschule;ALT10IMST-7;1;0;968
1055;Tirol;Akademie/Hochschule;ALT10IMST-7;0;1;1396
1056;Tirol;Akademie/Hochschule;ALT10IMST-7;0;3;314
1057;Tirol;Akademie/Hochschule;ALT10IMST-7;0;2;100
1058;Tirol;Akademie/Hochschule;ALT10IMST-7;0;0;350
1059;Tirol;N/A;ALT10IMST-4;1;1;20
1060;Tirol;N/A;ALT10IMST-4;1;3;7
1061;Tirol;N/A;ALT10IMST-4;1;2;12
1062;Tirol;N/A;ALT10IMST-4;1;0;19
1063;Tirol;N/A;ALT10IMST-4;0;1;12
1064;Tirol;N/A;ALT10IMST-4;0;3;2
1065;Tirol;N/A;ALT10IMST-4;0;2;10
1066;Tirol;N/A;ALT10IMST-4;0;0;20
1067;Tirol;N/A;ALT10IMST-5;1;1;9
1068;Tirol;N/A;ALT10IMST-5;1;3;2
1069;Tirol;N/A;ALT10IMST-5;1;2;8
1070;Tirol;N/A;ALT10IMST-5;1;0;7
1071;Tirol;N/A;ALT10IMST-5;0;1;3
1072;Tirol;N/A;ALT10IMST-5;0;3;2
1073;Tirol;N/A;ALT10IMST-5;0;2;3
1074;Tirol;N/A;ALT10IMST-5;0;0;6
1075;Tirol;N/A;ALT10IMST-6;1;1;6
1076;Tirol;N/A;ALT10IMST-6;1;2;1
1077;Tirol;N/A;ALT10IMST-6;1;0;3
1078;Tirol;N/A;ALT10IMST-6;0;1;12
1079;Tirol;N/A;ALT10IMST-6;0;3;2
1080;Tirol;N/A;ALT10IMST-6;0;2;1
1081;Tirol;N/A;ALT10IMST-6;0;0;6
1082;Tirol;N/A;ALT10IMST-7;1;1;2
1083;Tirol;N/A;ALT10IMST-7;1;3;2
1084;Tirol;N/A;ALT10IMST-7;1;0;5
1085;Tirol;N/A;ALT10IMST-7;0;1;9
1086;Tirol;N/A;ALT10IMST-7;0;2;3
1087;Tirol;N/A;ALT10IMST-7;0;0;5
1088;Vorarlberg;Pflichtschule;ALT10IMST-4;1;1;1851
1089;Vorarlberg;Pflichtschule;ALT10IMST-4;1;3;831
1090;Vorarlberg;Pflichtschule;ALT10IMST-4;1;2;1320
1091;Vorarlberg;Pflichtschule;ALT10IMST-4;1;0;1525
1092;Vorarlberg;Pflichtschule;ALT10IMST-4;0;1;757
1093;Vorarlberg;Pflichtschule;ALT10IMST-4;0;3;252
1094;Vorarlberg;Pflichtschule;ALT10IMST-4;0;2;644
1095;Vorarlberg;Pflichtschule;ALT10IMST-4;0;0;973
1096;Vorarlberg;Pflichtschule;ALT10IMST-5;1;1;2700
1097;Vorarlberg;Pflichtschule;ALT10IMST-5;1;3;1245
1098;Vorarlberg;Pflichtschule;ALT10IMST-5;1;2;1558
1099;Vorarlberg;Pflichtschule;ALT10IMST-5;1;0;1565
1100;Vorarlberg;Pflichtschule;ALT10IMST-5;0;1;874
1101;Vorarlberg;Pflichtschule;ALT10IMST-5;0;3;301
1102;Vorarlberg;Pflichtschule;ALT10IMST-5;0;2;572
1103;Vorarlberg;Pflichtschule;ALT10IMST-5;0;0;786
1104;Vorarlberg;Pflichtschule;ALT10IMST-6;1;1;3863
1105;Vorarlberg;Pflichtschule;ALT10IMST-6;1;3;1434
1106;Vorarlberg;Pflichtschule;ALT10IMST-6;1;2;1342
1107;Vorarlberg;Pflichtschule;ALT10IMST-6;1;0;1556
1108;Vorarlberg;Pflichtschule;ALT10IMST-6;0;1;1330
1109;Vorarlberg;Pflichtschule;ALT10IMST-6;0;3;282
1110;Vorarlberg;Pflichtschule;ALT10IMST-6;0;2;390
1111;Vorarlberg;Pflichtschule;ALT10IMST-6;0;0;751
1112;Vorarlberg;Pflichtschule;ALT10IMST-7;1;1;3111
1113;Vorarlberg;Pflichtschule;ALT10IMST-7;1;3;971
1114;Vorarlberg;Pflichtschule;ALT10IMST-7;1;2;625
1115;Vorarlberg;Pflichtschule;ALT10IMST-7;1;0;994
1116;Vorarlberg;Pflichtschule;ALT10IMST-7;0;1;3651
1117;Vorarlberg;Pflichtschule;ALT10IMST-7;0;3;707
1118;Vorarlberg;Pflichtschule;ALT10IMST-7;0;2;492
1119;Vorarlberg;Pflichtschule;ALT10IMST-7;0;0;1463
1120;Vorarlberg;Lehrabschluss/BMS;ALT10IMST-4;1;1;6210
1121;Vorarlberg;Lehrabschluss/BMS;ALT10IMST-4;1;3;3767
1122;Vorarlberg;Lehrabschluss/BMS;ALT10IMST-4;1;2;4825
1123;Vorarlberg;Lehrabschluss/BMS;ALT10IMST-4;1;0;3942
1124;Vorarlberg;Lehrabschluss/BMS;ALT10IMST-4;0;1;1052
1125;Vorarlberg;Lehrabschluss/BMS;ALT10IMST-4;0;3;493
1126;Vorarlberg;Lehrabschluss/BMS;ALT10IMST-4;0;2;1100
1127;Vorarlberg;Lehrabschluss/BMS;ALT10IMST-4;0;0;1174
1128;Vorarlberg;Lehrabschluss/BMS;ALT10IMST-5;1;1;7834
1129;Vorarlberg;Lehrabschluss/BMS;ALT10IMST-5;1;3;4812
1130;Vorarlberg;Lehrabschluss/BMS;ALT10IMST-5;1;2;4716
1131;Vorarlberg;Lehrabschluss/BMS;ALT10IMST-5;1;0;3767
1132;Vorarlberg;Lehrabschluss/BMS;ALT10IMST-5;0;1;1026
1133;Vorarlberg;Lehrabschluss/BMS;ALT10IMST-5;0;3;475
1134;Vorarlberg;Lehrabschluss/BMS;ALT10IMST-5;0;2;735
1135;Vorarlberg;Lehrabschluss/BMS;ALT10IMST-5;0;0;845
1136;Vorarlberg;Lehrabschluss/BMS;ALT10IMST-6;1;1;12224
1137;Vorarlberg;Lehrabschluss/BMS;ALT10IMST-6;1;3;5893
1138;Vorarlberg;Lehrabschluss/BMS;ALT10IMST-6;1;2;3904
1139;Vorarlberg;Lehrabschluss/BMS;ALT10IMST-6;1;0;4015
1140;Vorarlberg;Lehrabschluss/BMS;ALT10IMST-6;0;1;1452
1141;Vorarlberg;Lehrabschluss/BMS;ALT10IMST-6;0;3;385
1142;Vorarlberg;Lehrabschluss/BMS;ALT10IMST-6;0;2;445
1143;Vorarlberg;Lehrabschluss/BMS;ALT10IMST-6;0;0;790
1144;Vorarlberg;Lehrabschluss/BMS;ALT10IMST-7;1;1;11471
1145;Vorarlberg;Lehrabschluss/BMS;ALT10IMST-7;1;3;4413
1146;Vorarlberg;Lehrabschluss/BMS;ALT10IMST-7;1;2;2073
1147;Vorarlberg;Lehrabschluss/BMS;ALT10IMST-7;1;0;2648
1148;Vorarlberg;Lehrabschluss/BMS;ALT10IMST-7;0;1;6750
1149;Vorarlberg;Lehrabschluss/BMS;ALT10IMST-7;0;3;1475
1150;Vorarlberg;Lehrabschluss/BMS;ALT10IMST-7;0;2;893
1151;Vorarlberg;Lehrabschluss/BMS;ALT10IMST-7;0;0;1900
1152;Vorarlberg;BHS/AHS/Kolleg;ALT10IMST-4;1;1;2711
1153;Vorarlberg;BHS/AHS/Kolleg;ALT10IMST-4;1;3;2174
1154;Vorarlberg;BHS/AHS/Kolleg;ALT10IMST-4;1;2;1375
1155;Vorarlberg;BHS/AHS/Kolleg;ALT10IMST-4;1;0;993
1156;Vorarlberg;BHS/AHS/Kolleg;ALT10IMST-4;0;1;677
1157;Vorarlberg;BHS/AHS/Kolleg;ALT10IMST-4;0;3;354
1158;Vorarlberg;BHS/AHS/Kolleg;ALT10IMST-4;0;2;414
1159;Vorarlberg;BHS/AHS/Kolleg;ALT10IMST-4;0;0;429
1160;Vorarlberg;BHS/AHS/Kolleg;ALT10IMST-5;1;1;2608
1161;Vorarlberg;BHS/AHS/Kolleg;ALT10IMST-5;1;3;1991
1162;Vorarlberg;BHS/AHS/Kolleg;ALT10IMST-5;1;2;1180
1163;Vorarlberg;BHS/AHS/Kolleg;ALT10IMST-5;1;0;933
1164;Vorarlberg;BHS/AHS/Kolleg;ALT10IMST-5;0;1;405
1165;Vorarlberg;BHS/AHS/Kolleg;ALT10IMST-5;0;3;219
1166;Vorarlberg;BHS/AHS/Kolleg;ALT10IMST-5;0;2;262
1167;Vorarlberg;BHS/AHS/Kolleg;ALT10IMST-5;0;0;286
1168;Vorarlberg;BHS/AHS/Kolleg;ALT10IMST-6;1;1;2793
1169;Vorarlberg;BHS/AHS/Kolleg;ALT10IMST-6;1;3;1625
1170;Vorarlberg;BHS/AHS/Kolleg;ALT10IMST-6;1;2;785
1171;Vorarlberg;BHS/AHS/Kolleg;ALT10IMST-6;1;0;746
1172;Vorarlberg;BHS/AHS/Kolleg;ALT10IMST-6;0;1;318
1173;Vorarlberg;BHS/AHS/Kolleg;ALT10IMST-6;0;3;98
1174;Vorarlberg;BHS/AHS/Kolleg;ALT10IMST-6;0;2;102
1175;Vorarlberg;BHS/AHS/Kolleg;ALT10IMST-6;0;0;146
1176;Vorarlberg;BHS/AHS/Kolleg;ALT10IMST-7;1;1;2277
1177;Vorarlberg;BHS/AHS/Kolleg;ALT10IMST-7;1;3;955
1178;Vorarlberg;BHS/AHS/Kolleg;ALT10IMST-7;1;2;343
1179;Vorarlberg;BHS/AHS/Kolleg;ALT10IMST-7;1;0;431
1180;Vorarlberg;BHS/AHS/Kolleg;ALT10IMST-7;0;1;886
1181;Vorarlberg;BHS/AHS/Kolleg;ALT10IMST-7;0;3;231
1182;Vorarlberg;BHS/AHS/Kolleg;ALT10IMST-7;0;2;94
1183;Vorarlberg;BHS/AHS/Kolleg;ALT10IMST-7;0;0;232
1184;Vorarlberg;Akademie/Hochschule;ALT10IMST-4;1;1;2657
1185;Vorarlberg;Akademie/Hochschule;ALT10IMST-4;1;3;2344
1186;Vorarlberg;Akademie/Hochschule;ALT10IMST-4;1;2;848
1187;Vorarlberg;Akademie/Hochschule;ALT10IMST-4;1;0;580
1188;Vorarlberg;Akademie/Hochschule;ALT10IMST-4;0;1;651
1189;Vorarlberg;Akademie/Hochschule;ALT10IMST-4;0;3;344
1190;Vorarlberg;Akademie/Hochschule;ALT10IMST-4;0;2;265
1191;Vorarlberg;Akademie/Hochschule;ALT10IMST-4;0;0;319
1192;Vorarlberg;Akademie/Hochschule;ALT10IMST-5;1;1;3386
1193;Vorarlberg;Akademie/Hochschule;ALT10IMST-5;1;3;2877
1194;Vorarlberg;Akademie/Hochschule;ALT10IMST-5;1;2;1103
1195;Vorarlberg;Akademie/Hochschule;ALT10IMST-5;1;0;878
1196;Vorarlberg;Akademie/Hochschule;ALT10IMST-5;0;1;562
1197;Vorarlberg;Akademie/Hochschule;ALT10IMST-5;0;3;282
1198;Vorarlberg;Akademie/Hochschule;ALT10IMST-5;0;2;283
1199;Vorarlberg;Akademie/Hochschule;ALT10IMST-5;0;0;288
1200;Vorarlberg;Akademie/Hochschule;ALT10IMST-6;1;1;3624
1201;Vorarlberg;Akademie/Hochschule;ALT10IMST-6;1;3;2364
1202;Vorarlberg;Akademie/Hochschule;ALT10IMST-6;1;2;742
1203;Vorarlberg;Akademie/Hochschule;ALT10IMST-6;1;0;707
1204;Vorarlberg;Akademie/Hochschule;ALT10IMST-6;0;1;301
1205;Vorarlberg;Akademie/Hochschule;ALT10IMST-6;0;3;113
1206;Vorarlberg;Akademie/Hochschule;ALT10IMST-6;0;2;99
1207;Vorarlberg;Akademie/Hochschule;ALT10IMST-6;0;0;134
1208;Vorarlberg;Akademie/Hochschule;ALT10IMST-7;1;1;3168
1209;Vorarlberg;Akademie/Hochschule;ALT10IMST-7;1;3;1593
1210;Vorarlberg;Akademie/Hochschule;ALT10IMST-7;1;2;350
1211;Vorarlberg;Akademie/Hochschule;ALT10IMST-7;1;0;446
1212;Vorarlberg;Akademie/Hochschule;ALT10IMST-7;0;1;766
1213;Vorarlberg;Akademie/Hochschule;ALT10IMST-7;0;3;228
1214;Vorarlberg;Akademie/Hochschule;ALT10IMST-7;0;2;58
1215;Vorarlberg;Akademie/Hochschule;ALT10IMST-7;0;0;202
1216;Vorarlberg;N/A;ALT10IMST-4;1;1;7
1217;Vorarlberg;N/A;ALT10IMST-4;1;3;4
1218;Vorarlberg;N/A;ALT10IMST-4;1;2;4
1219;Vorarlberg;N/A;ALT10IMST-4;1;0;9
1220;Vorarlberg;N/A;ALT10IMST-4;0;1;17
1221;Vorarlberg;N/A;ALT10IMST-4;0;3;5
1222;Vorarlberg;N/A;ALT10IMST-4;0;2;5
1223;Vorarlberg;N/A;ALT10IMST-4;0;0;16
1224;Vorarlberg;N/A;ALT10IMST-5;1;1;7
1225;Vorarlberg;N/A;ALT10IMST-5;1;3;1
1226;Vorarlberg;N/A;ALT10IMST-5;1;2;3
1227;Vorarlberg;N/A;ALT10IMST-5;1;0;7
1228;Vorarlberg;N/A;ALT10IMST-5;0;1;6
1229;Vorarlberg;N/A;ALT10IMST-5;0;3;3
1230;Vorarlberg;N/A;ALT10IMST-5;0;2;1
1231;Vorarlberg;N/A;ALT10IMST-5;0;0;6
1232;Vorarlberg;N/A;ALT10IMST-6;1;1;3
1233;Vorarlberg;N/A;ALT10IMST-6;1;2;3
1234;Vorarlberg;N/A;ALT10IMST-6;1;0;2
1235;Vorarlberg;N/A;ALT10IMST-6;0;1;3
1236;Vorarlberg;N/A;ALT10IMST-6;0;3;2
1237;Vorarlberg;N/A;ALT10IMST-6;0;2;1
1238;Vorarlberg;N/A;ALT10IMST-6;0;0;5
1239;Vorarlberg;N/A;ALT10IMST-7;1;1;3
1240;Vorarlberg;N/A;ALT10IMST-7;1;2;2
1241;Vorarlberg;N/A;ALT10IMST-7;1;0;1
1242;Vorarlberg;N/A;ALT10IMST-7;0;1;5
1243;Vorarlberg;N/A;ALT10IMST-7;0;0;4
1244;Wien;Pflichtschule;ALT10IMST-4;1;1;9545
1245;Wien;Pflichtschule;ALT10IMST-4;1;3;4629
1246;Wien;Pflichtschule;ALT10IMST-4;1;2;6577
1247;Wien;Pflichtschule;ALT10IMST-4;1;0;7183
1248;Wien;Pflichtschule;ALT10IMST-4;0;1;7644
1249;Wien;Pflichtschule;ALT10IMST-4;0;3;2442
1250;Wien;Pflichtschule;ALT10IMST-4;0;2;6171
1251;Wien;Pflichtschule;ALT10IMST-4;0;0;8684
1252;Wien;Pflichtschule;ALT10IMST-5;1;1;12535
1253;Wien;Pflichtschule;ALT10IMST-5;1;3;6336
1254;Wien;Pflichtschule;ALT10IMST-5;1;2;7634
1255;Wien;Pflichtschule;ALT10IMST-5;1;0;7179
1256;Wien;Pflichtschule;ALT10IMST-5;0;1;7720
1257;Wien;Pflichtschule;ALT10IMST-5;0;3;2648
1258;Wien;Pflichtschule;ALT10IMST-5;0;2;5211
1259;Wien;Pflichtschule;ALT10IMST-5;0;0;7032
1260;Wien;Pflichtschule;ALT10IMST-6;1;1;15502
1261;Wien;Pflichtschule;ALT10IMST-6;1;3;6507
1262;Wien;Pflichtschule;ALT10IMST-6;1;2;5968
1263;Wien;Pflichtschule;ALT10IMST-6;1;0;6858
1264;Wien;Pflichtschule;ALT10IMST-6;0;1;8932
1265;Wien;Pflichtschule;ALT10IMST-6;0;3;2371
1266;Wien;Pflichtschule;ALT10IMST-6;0;2;3714
1267;Wien;Pflichtschule;ALT10IMST-6;0;0;6223
1268;Wien;Pflichtschule;ALT10IMST-7;1;1;11060
1269;Wien;Pflichtschule;ALT10IMST-7;1;3;3755
1270;Wien;Pflichtschule;ALT10IMST-7;1;2;2246
1271;Wien;Pflichtschule;ALT10IMST-7;1;0;3665
1272;Wien;Pflichtschule;ALT10IMST-7;0;1;16004
1273;Wien;Pflichtschule;ALT10IMST-7;0;3;3366
1274;Wien;Pflichtschule;ALT10IMST-7;0;2;2993
1275;Wien;Pflichtschule;ALT10IMST-7;0;0;7866
1276;Wien;Lehrabschluss/BMS;ALT10IMST-4;1;1;18194
1277;Wien;Lehrabschluss/BMS;ALT10IMST-4;1;3;11410
1278;Wien;Lehrabschluss/BMS;ALT10IMST-4;1;2;10949
1279;Wien;Lehrabschluss/BMS;ALT10IMST-4;1;0;8621
1280;Wien;Lehrabschluss/BMS;ALT10IMST-4;0;1;5359
1281;Wien;Lehrabschluss/BMS;ALT10IMST-4;0;3;2052
1282;Wien;Lehrabschluss/BMS;ALT10IMST-4;0;2;4340
1283;Wien;Lehrabschluss/BMS;ALT10IMST-4;0;0;5238
1284;Wien;Lehrabschluss/BMS;ALT10IMST-5;1;1;21010
1285;Wien;Lehrabschluss/BMS;ALT10IMST-5;1;3;12464
1286;Wien;Lehrabschluss/BMS;ALT10IMST-5;1;2;10437
1287;Wien;Lehrabschluss/BMS;ALT10IMST-5;1;0;8397
1288;Wien;Lehrabschluss/BMS;ALT10IMST-5;0;1;5734
1289;Wien;Lehrabschluss/BMS;ALT10IMST-5;0;3;1970
1290;Wien;Lehrabschluss/BMS;ALT10IMST-5;0;2;3362
1291;Wien;Lehrabschluss/BMS;ALT10IMST-5;0;0;4521
1292;Wien;Lehrabschluss/BMS;ALT10IMST-6;1;1;31778
1293;Wien;Lehrabschluss/BMS;ALT10IMST-6;1;3;14970
1294;Wien;Lehrabschluss/BMS;ALT10IMST-6;1;2;8551
1295;Wien;Lehrabschluss/BMS;ALT10IMST-6;1;0;8615
1296;Wien;Lehrabschluss/BMS;ALT10IMST-6;0;1;8570
1297;Wien;Lehrabschluss/BMS;ALT10IMST-6;0;3;2075
1298;Wien;Lehrabschluss/BMS;ALT10IMST-6;0;2;2421
1299;Wien;Lehrabschluss/BMS;ALT10IMST-6;0;0;4666
1300;Wien;Lehrabschluss/BMS;ALT10IMST-7;1;1;29811
1301;Wien;Lehrabschluss/BMS;ALT10IMST-7;1;3;11398
1302;Wien;Lehrabschluss/BMS;ALT10IMST-7;1;2;3926
1303;Wien;Lehrabschluss/BMS;ALT10IMST-7;1;0;5723
1304;Wien;Lehrabschluss/BMS;ALT10IMST-7;0;1;27251
1305;Wien;Lehrabschluss/BMS;ALT10IMST-7;0;3;5871
1306;Wien;Lehrabschluss/BMS;ALT10IMST-7;0;2;2624
1307;Wien;Lehrabschluss/BMS;ALT10IMST-7;0;0;8013
1308;Wien;BHS/AHS/Kolleg;ALT10IMST-4;1;1;21070
1309;Wien;BHS/AHS/Kolleg;ALT10IMST-4;1;3;16730
1310;Wien;BHS/AHS/Kolleg;ALT10IMST-4;1;2;8523
1311;Wien;BHS/AHS/Kolleg;ALT10IMST-4;1;0;6288
1312;Wien;BHS/AHS/Kolleg;ALT10IMST-4;0;1;6930
1313;Wien;BHS/AHS/Kolleg;ALT10IMST-4;0;3;3649
1314;Wien;BHS/AHS/Kolleg;ALT10IMST-4;0;2;3785
1315;Wien;BHS/AHS/Kolleg;ALT10IMST-4;0;0;5130
1316;Wien;BHS/AHS/Kolleg;ALT10IMST-5;1;1;16955
1317;Wien;BHS/AHS/Kolleg;ALT10IMST-5;1;3;11810
1318;Wien;BHS/AHS/Kolleg;ALT10IMST-5;1;2;5867
1319;Wien;BHS/AHS/Kolleg;ALT10IMST-5;1;0;4687
1320;Wien;BHS/AHS/Kolleg;ALT10IMST-5;0;1;4328
1321;Wien;BHS/AHS/Kolleg;ALT10IMST-5;0;3;1812
1322;Wien;BHS/AHS/Kolleg;ALT10IMST-5;0;2;2261
1323;Wien;BHS/AHS/Kolleg;ALT10IMST-5;0;0;2787
1324;Wien;BHS/AHS/Kolleg;ALT10IMST-6;1;1;18888
1325;Wien;BHS/AHS/Kolleg;ALT10IMST-6;1;3;10594
1326;Wien;BHS/AHS/Kolleg;ALT10IMST-6;1;2;4065
1327;Wien;BHS/AHS/Kolleg;ALT10IMST-6;1;0;3786
1328;Wien;BHS/AHS/Kolleg;ALT10IMST-6;0;1;3864
1329;Wien;BHS/AHS/Kolleg;ALT10IMST-6;0;3;1193
1330;Wien;BHS/AHS/Kolleg;ALT10IMST-6;0;2;1228
1331;Wien;BHS/AHS/Kolleg;ALT10IMST-6;0;0;2059
1332;Wien;BHS/AHS/Kolleg;ALT10IMST-7;1;1;16222
1333;Wien;BHS/AHS/Kolleg;ALT10IMST-7;1;3;6723
1334;Wien;BHS/AHS/Kolleg;ALT10IMST-7;1;2;1930
1335;Wien;BHS/AHS/Kolleg;ALT10IMST-7;1;0;2603
1336;Wien;BHS/AHS/Kolleg;ALT10IMST-7;0;1;9049
1337;Wien;BHS/AHS/Kolleg;ALT10IMST-7;0;3;2216
1338;Wien;BHS/AHS/Kolleg;ALT10IMST-7;0;2;1019
1339;Wien;BHS/AHS/Kolleg;ALT10IMST-7;0;0;2758
1340;Wien;Akademie/Hochschule;ALT10IMST-4;1;1;32824
1341;Wien;Akademie/Hochschule;ALT10IMST-4;1;3;31498
1342;Wien;Akademie/Hochschule;ALT10IMST-4;1;2;7803
1343;Wien;Akademie/Hochschule;ALT10IMST-4;1;0;5940
1344;Wien;Akademie/Hochschule;ALT10IMST-4;0;1;7126
1345;Wien;Akademie/Hochschule;ALT10IMST-4;0;3;4410
1346;Wien;Akademie/Hochschule;ALT10IMST-4;0;2;2966
1347;Wien;Akademie/Hochschule;ALT10IMST-4;0;0;4582
1348;Wien;Akademie/Hochschule;ALT10IMST-5;1;1;34115
1349;Wien;Akademie/Hochschule;ALT10IMST-5;1;3;28331
1350;Wien;Akademie/Hochschule;ALT10IMST-5;1;2;7452
1351;Wien;Akademie/Hochschule;ALT10IMST-5;1;0;5896
1352;Wien;Akademie/Hochschule;ALT10IMST-5;0;1;6219
1353;Wien;Akademie/Hochschule;ALT10IMST-5;0;3;3428
1354;Wien;Akademie/Hochschule;ALT10IMST-5;0;2;2294
1355;Wien;Akademie/Hochschule;ALT10IMST-5;0;0;2930
1356;Wien;Akademie/Hochschule;ALT10IMST-6;1;1;29278
1357;Wien;Akademie/Hochschule;ALT10IMST-6;1;3;19633
1358;Wien;Akademie/Hochschule;ALT10IMST-6;1;2;4655
1359;Wien;Akademie/Hochschule;ALT10IMST-6;1;0;4166
1360;Wien;Akademie/Hochschule;ALT10IMST-6;0;1;3569
1361;Wien;Akademie/Hochschule;ALT10IMST-6;0;3;1379
1362;Wien;Akademie/Hochschule;ALT10IMST-6;0;2;1039
1363;Wien;Akademie/Hochschule;ALT10IMST-6;0;0;1815
1364;Wien;Akademie/Hochschule;ALT10IMST-7;1;1;23415
1365;Wien;Akademie/Hochschule;ALT10IMST-7;1;3;10999
1366;Wien;Akademie/Hochschule;ALT10IMST-7;1;2;2010
1367;Wien;Akademie/Hochschule;ALT10IMST-7;1;0;2799
1368;Wien;Akademie/Hochschule;ALT10IMST-7;0;1;6983
1369;Wien;Akademie/Hochschule;ALT10IMST-7;0;3;1883
1370;Wien;Akademie/Hochschule;ALT10IMST-7;0;2;762
1371;Wien;Akademie/Hochschule;ALT10IMST-7;0;0;2089
1372;Wien;N/A;ALT10IMST-4;1;1;38
1373;Wien;N/A;ALT10IMST-4;1;3;20
1374;Wien;N/A;ALT10IMST-4;1;2;13
1375;Wien;N/A;ALT10IMST-4;1;0;29
1376;Wien;N/A;ALT10IMST-4;0;1;73
1377;Wien;N/A;ALT10IMST-4;0;3;20
1378;Wien;N/A;ALT10IMST-4;0;2;38
1379;Wien;N/A;ALT10IMST-4;0;0;91
1380;Wien;N/A;ALT10IMST-5;1;1;21
1381;Wien;N/A;ALT10IMST-5;1;3;6
1382;Wien;N/A;ALT10IMST-5;1;2;8
1383;Wien;N/A;ALT10IMST-5;1;0;17
1384;Wien;N/A;ALT10IMST-5;0;1;46
1385;Wien;N/A;ALT10IMST-5;0;3;15
1386;Wien;N/A;ALT10IMST-5;0;2;23
1387;Wien;N/A;ALT10IMST-5;0;0;47
1388;Wien;N/A;ALT10IMST-6;1;1;13
1389;Wien;N/A;ALT10IMST-6;1;3;5
1390;Wien;N/A;ALT10IMST-6;1;2;2
1391;Wien;N/A;ALT10IMST-6;1;0;18
1392;Wien;N/A;ALT10IMST-6;0;1;37
1393;Wien;N/A;ALT10IMST-6;0;3;6
1394;Wien;N/A;ALT10IMST-6;0;2;12
1395;Wien;N/A;ALT10IMST-6;0;0;44
1396;Wien;N/A;ALT10IMST-7;1;1;5
1397;Wien;N/A;ALT10IMST-7;1;3;2
1398;Wien;N/A;ALT10IMST-7;1;2;1
1399;Wien;N/A;ALT10IMST-7;1;0;14
1400;Wien;N/A;ALT10IMST-7;0;1;31
1401;Wien;N/A;ALT10IMST-7;0;3;1
1402;Wien;N/A;ALT10IMST-7;0;2;4
1403;Wien;N/A;ALT10IMST-7;0;0;16
