C-B00-0;C-BILIMST-0;C-ALTGRIMST-0;C-ESIMST-0;C-IMST-0;F-DATA
B00-1;BILIMST-1;ALT10IMST-4;ESIMST-1;IMST-1;611
B00-1;BILIMST-1;ALT10IMST-4;ESIMST-1;IMST-2;285
B00-1;BILIMST-1;ALT10IMST-4;ESIMST-1;IMST-3;396
B00-1;BILIMST-1;ALT10IMST-4;ESIMST-1;IMST-4;472
B00-1;BILIMST-1;ALT10IMST-4;ESIMST-2;IMST-1;471
B00-1;BILIMST-1;ALT10IMST-4;ESIMST-2;IMST-2;173
B00-1;BILIMST-1;ALT10IMST-4;ESIMST-2;IMST-3;303
B00-1;BILIMST-1;ALT10IMST-4;ESIMST-2;IMST-4;456
B00-1;BILIMST-1;ALT10IMST-5;ESIMST-1;IMST-1;1170
B00-1;BILIMST-1;ALT10IMST-5;ESIMST-1;IMST-2;597
B00-1;BILIMST-1;ALT10IMST-5;ESIMST-1;IMST-3;532
B00-1;BILIMST-1;ALT10IMST-5;ESIMST-1;IMST-4;531
B00-1;BILIMST-1;ALT10IMST-5;ESIMST-2;IMST-1;549
B00-1;BILIMST-1;ALT10IMST-5;ESIMST-2;IMST-2;199
B00-1;BILIMST-1;ALT10IMST-5;ESIMST-2;IMST-3;253
B00-1;BILIMST-1;ALT10IMST-5;ESIMST-2;IMST-4;425
B00-1;BILIMST-1;ALT10IMST-6;ESIMST-1;IMST-1;2010
B00-1;BILIMST-1;ALT10IMST-6;ESIMST-1;IMST-2;932
B00-1;BILIMST-1;ALT10IMST-6;ESIMST-1;IMST-3;575
B00-1;BILIMST-1;ALT10IMST-6;ESIMST-1;IMST-4;688
B00-1;BILIMST-1;ALT10IMST-6;ESIMST-2;IMST-1;835
B00-1;BILIMST-1;ALT10IMST-6;ESIMST-2;IMST-2;206
B00-1;BILIMST-1;ALT10IMST-6;ESIMST-2;IMST-3;188
B00-1;BILIMST-1;ALT10IMST-6;ESIMST-2;IMST-4;421
B00-1;BILIMST-1;ALT10IMST-7;ESIMST-1;IMST-1;2023
B00-1;BILIMST-1;ALT10IMST-7;ESIMST-1;IMST-2;787
B00-1;BILIMST-1;ALT10IMST-7;ESIMST-1;IMST-3;239
B00-1;BILIMST-1;ALT10IMST-7;ESIMST-1;IMST-4;385
B00-1;BILIMST-1;ALT10IMST-7;ESIMST-2;IMST-1;3781
B00-1;BILIMST-1;ALT10IMST-7;ESIMST-2;IMST-2;924
B00-1;BILIMST-1;ALT10IMST-7;ESIMST-2;IMST-3;275
B00-1;BILIMST-1;ALT10IMST-7;ESIMST-2;IMST-4;812
B00-1;BILIMST-2;ALT10IMST-4;ESIMST-1;IMST-1;4194
B00-1;BILIMST-2;ALT10IMST-4;ESIMST-1;IMST-2;2475
B00-1;BILIMST-2;ALT10IMST-4;ESIMST-1;IMST-3;2177
B00-1;BILIMST-2;ALT10IMST-4;ESIMST-1;IMST-4;1828
B00-1;BILIMST-2;ALT10IMST-4;ESIMST-2;IMST-1;868
B00-1;BILIMST-2;ALT10IMST-4;ESIMST-2;IMST-2;341
B00-1;BILIMST-2;ALT10IMST-4;ESIMST-2;IMST-3;505
B00-1;BILIMST-2;ALT10IMST-4;ESIMST-2;IMST-4;647
B00-1;BILIMST-2;ALT10IMST-5;ESIMST-1;IMST-1;6354
B00-1;BILIMST-2;ALT10IMST-5;ESIMST-1;IMST-2;3998
B00-1;BILIMST-2;ALT10IMST-5;ESIMST-1;IMST-3;2712
B00-1;BILIMST-2;ALT10IMST-5;ESIMST-1;IMST-4;2185
B00-1;BILIMST-2;ALT10IMST-5;ESIMST-2;IMST-1;979
B00-1;BILIMST-2;ALT10IMST-5;ESIMST-2;IMST-2;358
B00-1;BILIMST-2;ALT10IMST-5;ESIMST-2;IMST-3;510
B00-1;BILIMST-2;ALT10IMST-5;ESIMST-2;IMST-4;671
B00-1;BILIMST-2;ALT10IMST-6;ESIMST-1;IMST-1;10611
B00-1;BILIMST-2;ALT10IMST-6;ESIMST-1;IMST-2;5493
B00-1;BILIMST-2;ALT10IMST-6;ESIMST-1;IMST-3;2350
B00-1;BILIMST-2;ALT10IMST-6;ESIMST-1;IMST-4;2273
B00-1;BILIMST-2;ALT10IMST-6;ESIMST-2;IMST-1;1681
B00-1;BILIMST-2;ALT10IMST-6;ESIMST-2;IMST-2;448
B00-1;BILIMST-2;ALT10IMST-6;ESIMST-2;IMST-3;373
B00-1;BILIMST-2;ALT10IMST-6;ESIMST-2;IMST-4;728
B00-1;BILIMST-2;ALT10IMST-7;ESIMST-1;IMST-1;9015
B00-1;BILIMST-2;ALT10IMST-7;ESIMST-1;IMST-2;3759
B00-1;BILIMST-2;ALT10IMST-7;ESIMST-1;IMST-3;1071
B00-1;BILIMST-2;ALT10IMST-7;ESIMST-1;IMST-4;1453
B00-1;BILIMST-2;ALT10IMST-7;ESIMST-2;IMST-1;8581
B00-1;BILIMST-2;ALT10IMST-7;ESIMST-2;IMST-2;2165
B00-1;BILIMST-2;ALT10IMST-7;ESIMST-2;IMST-3;625
B00-1;BILIMST-2;ALT10IMST-7;ESIMST-2;IMST-4;1655
B00-1;BILIMST-3;ALT10IMST-4;ESIMST-1;IMST-1;2300
B00-1;BILIMST-3;ALT10IMST-4;ESIMST-1;IMST-2;1845
B00-1;BILIMST-3;ALT10IMST-4;ESIMST-1;IMST-3;939
B00-1;BILIMST-3;ALT10IMST-4;ESIMST-1;IMST-4;596
B00-1;BILIMST-3;ALT10IMST-4;ESIMST-2;IMST-1;505
B00-1;BILIMST-3;ALT10IMST-4;ESIMST-2;IMST-2;277
B00-1;BILIMST-3;ALT10IMST-4;ESIMST-2;IMST-3;231
B00-1;BILIMST-3;ALT10IMST-4;ESIMST-2;IMST-4;235
B00-1;BILIMST-3;ALT10IMST-5;ESIMST-1;IMST-1;2646
B00-1;BILIMST-3;ALT10IMST-5;ESIMST-1;IMST-2;2160
B00-1;BILIMST-3;ALT10IMST-5;ESIMST-1;IMST-3;1015
B00-1;BILIMST-3;ALT10IMST-5;ESIMST-1;IMST-4;739
B00-1;BILIMST-3;ALT10IMST-5;ESIMST-2;IMST-1;355
B00-1;BILIMST-3;ALT10IMST-5;ESIMST-2;IMST-2;178
B00-1;BILIMST-3;ALT10IMST-5;ESIMST-2;IMST-3;199
B00-1;BILIMST-3;ALT10IMST-5;ESIMST-2;IMST-4;237
B00-1;BILIMST-3;ALT10IMST-6;ESIMST-1;IMST-1;3459
B00-1;BILIMST-3;ALT10IMST-6;ESIMST-1;IMST-2;2025
B00-1;BILIMST-3;ALT10IMST-6;ESIMST-1;IMST-3;711
B00-1;BILIMST-3;ALT10IMST-6;ESIMST-1;IMST-4;651
B00-1;BILIMST-3;ALT10IMST-6;ESIMST-2;IMST-1;345
B00-1;BILIMST-3;ALT10IMST-6;ESIMST-2;IMST-2;110
B00-1;BILIMST-3;ALT10IMST-6;ESIMST-2;IMST-3;102
B00-1;BILIMST-3;ALT10IMST-6;ESIMST-2;IMST-4;174
B00-1;BILIMST-3;ALT10IMST-7;ESIMST-1;IMST-1;2541
B00-1;BILIMST-3;ALT10IMST-7;ESIMST-1;IMST-2;1040
B00-1;BILIMST-3;ALT10IMST-7;ESIMST-1;IMST-3;289
B00-1;BILIMST-3;ALT10IMST-7;ESIMST-1;IMST-4;400
B00-1;BILIMST-3;ALT10IMST-7;ESIMST-2;IMST-1;1292
B00-1;BILIMST-3;ALT10IMST-7;ESIMST-2;IMST-2;346
B00-1;BILIMST-3;ALT10IMST-7;ESIMST-2;IMST-3;111
B00-1;BILIMST-3;ALT10IMST-7;ESIMST-2;IMST-4;342
B00-1;BILIMST-4;ALT10IMST-4;ESIMST-1;IMST-1;2074
B00-1;BILIMST-4;ALT10IMST-4;ESIMST-1;IMST-2;1872
B00-1;BILIMST-4;ALT10IMST-4;ESIMST-1;IMST-3;567
B00-1;BILIMST-4;ALT10IMST-4;ESIMST-1;IMST-4;358
B00-1;BILIMST-4;ALT10IMST-4;ESIMST-2;IMST-1;387
B00-1;BILIMST-4;ALT10IMST-4;ESIMST-2;IMST-2;226
B00-1;BILIMST-4;ALT10IMST-4;ESIMST-2;IMST-3;170
B00-1;BILIMST-4;ALT10IMST-4;ESIMST-2;IMST-4;139
B00-1;BILIMST-4;ALT10IMST-5;ESIMST-1;IMST-1;2558
B00-1;BILIMST-4;ALT10IMST-5;ESIMST-1;IMST-2;2336
B00-1;BILIMST-4;ALT10IMST-5;ESIMST-1;IMST-3;759
B00-1;BILIMST-4;ALT10IMST-5;ESIMST-1;IMST-4;507
B00-1;BILIMST-4;ALT10IMST-5;ESIMST-2;IMST-1;353
B00-1;BILIMST-4;ALT10IMST-5;ESIMST-2;IMST-2;175
B00-1;BILIMST-4;ALT10IMST-5;ESIMST-2;IMST-3;164
B00-1;BILIMST-4;ALT10IMST-5;ESIMST-2;IMST-4;206
B00-1;BILIMST-4;ALT10IMST-6;ESIMST-1;IMST-1;2778
B00-1;BILIMST-4;ALT10IMST-6;ESIMST-1;IMST-2;1922
B00-1;BILIMST-4;ALT10IMST-6;ESIMST-1;IMST-3;498
B00-1;BILIMST-4;ALT10IMST-6;ESIMST-1;IMST-4;435
B00-1;BILIMST-4;ALT10IMST-6;ESIMST-2;IMST-1;203
B00-1;BILIMST-4;ALT10IMST-6;ESIMST-2;IMST-2;60
B00-1;BILIMST-4;ALT10IMST-6;ESIMST-2;IMST-3;57
B00-1;BILIMST-4;ALT10IMST-6;ESIMST-2;IMST-4;98
B00-1;BILIMST-4;ALT10IMST-7;ESIMST-1;IMST-1;2335
B00-1;BILIMST-4;ALT10IMST-7;ESIMST-1;IMST-2;1120
B00-1;BILIMST-4;ALT10IMST-7;ESIMST-1;IMST-3;216
B00-1;BILIMST-4;ALT10IMST-7;ESIMST-1;IMST-4;290
B00-1;BILIMST-4;ALT10IMST-7;ESIMST-2;IMST-1;619
B00-1;BILIMST-4;ALT10IMST-7;ESIMST-2;IMST-2;143
B00-1;BILIMST-4;ALT10IMST-7;ESIMST-2;IMST-3;52
B00-1;BILIMST-4;ALT10IMST-7;ESIMST-2;IMST-4;162
B00-1;BILIMST-99;ALT10IMST-4;ESIMST-1;IMST-2;3
B00-1;BILIMST-99;ALT10IMST-4;ESIMST-1;IMST-4;1
B00-1;BILIMST-99;ALT10IMST-4;ESIMST-2;IMST-1;8
B00-1;BILIMST-99;ALT10IMST-4;ESIMST-2;IMST-3;1
B00-1;BILIMST-99;ALT10IMST-4;ESIMST-2;IMST-4;4
B00-1;BILIMST-99;ALT10IMST-5;ESIMST-1;IMST-1;3
B00-1;BILIMST-99;ALT10IMST-5;ESIMST-1;IMST-3;2
B00-1;BILIMST-99;ALT10IMST-5;ESIMST-1;IMST-4;2
B00-1;BILIMST-99;ALT10IMST-5;ESIMST-2;IMST-1;2
B00-1;BILIMST-99;ALT10IMST-5;ESIMST-2;IMST-2;1
B00-1;BILIMST-99;ALT10IMST-5;ESIMST-2;IMST-3;2
B00-1;BILIMST-99;ALT10IMST-5;ESIMST-2;IMST-4;6
B00-1;BILIMST-99;ALT10IMST-6;ESIMST-1;IMST-1;1
B00-1;BILIMST-99;ALT10IMST-6;ESIMST-1;IMST-2;1
B00-1;BILIMST-99;ALT10IMST-6;ESIMST-1;IMST-3;3
B00-1;BILIMST-99;ALT10IMST-6;ESIMST-1;IMST-4;1
B00-1;BILIMST-99;ALT10IMST-6;ESIMST-2;IMST-1;2
B00-1;BILIMST-99;ALT10IMST-6;ESIMST-2;IMST-3;1
B00-1;BILIMST-99;ALT10IMST-6;ESIMST-2;IMST-4;4
B00-1;BILIMST-99;ALT10IMST-7;ESIMST-1;IMST-4;1
B00-1;BILIMST-99;ALT10IMST-7;ESIMST-2;IMST-1;1
B00-1;BILIMST-99;ALT10IMST-7;ESIMST-2;IMST-4;1
B00-2;BILIMST-1;ALT10IMST-4;ESIMST-1;IMST-1;1835
B00-2;BILIMST-1;ALT10IMST-4;ESIMST-1;IMST-2;534
B00-2;BILIMST-1;ALT10IMST-4;ESIMST-1;IMST-3;1254
B00-2;BILIMST-1;ALT10IMST-4;ESIMST-1;IMST-4;1620
B00-2;BILIMST-1;ALT10IMST-4;ESIMST-2;IMST-1;1127
B00-2;BILIMST-1;ALT10IMST-4;ESIMST-2;IMST-2;271
B00-2;BILIMST-1;ALT10IMST-4;ESIMST-2;IMST-3;636
B00-2;BILIMST-1;ALT10IMST-4;ESIMST-2;IMST-4;1364
B00-2;BILIMST-1;ALT10IMST-5;ESIMST-1;IMST-1;2239
B00-2;BILIMST-1;ALT10IMST-5;ESIMST-1;IMST-2;728
B00-2;BILIMST-1;ALT10IMST-5;ESIMST-1;IMST-3;1281
B00-2;BILIMST-1;ALT10IMST-5;ESIMST-1;IMST-4;1484
B00-2;BILIMST-1;ALT10IMST-5;ESIMST-2;IMST-1;1112
B00-2;BILIMST-1;ALT10IMST-5;ESIMST-2;IMST-2;248
B00-2;BILIMST-1;ALT10IMST-5;ESIMST-2;IMST-3;518
B00-2;BILIMST-1;ALT10IMST-5;ESIMST-2;IMST-4;1058
B00-2;BILIMST-1;ALT10IMST-6;ESIMST-1;IMST-1;2963
B00-2;BILIMST-1;ALT10IMST-6;ESIMST-1;IMST-2;786
B00-2;BILIMST-1;ALT10IMST-6;ESIMST-1;IMST-3;928
B00-2;BILIMST-1;ALT10IMST-6;ESIMST-1;IMST-4;1404
B00-2;BILIMST-1;ALT10IMST-6;ESIMST-2;IMST-1;1640
B00-2;BILIMST-1;ALT10IMST-6;ESIMST-2;IMST-2;265
B00-2;BILIMST-1;ALT10IMST-6;ESIMST-2;IMST-3;380
B00-2;BILIMST-1;ALT10IMST-6;ESIMST-2;IMST-4;942
B00-2;BILIMST-1;ALT10IMST-7;ESIMST-1;IMST-1;2587
B00-2;BILIMST-1;ALT10IMST-7;ESIMST-1;IMST-2;590
B00-2;BILIMST-1;ALT10IMST-7;ESIMST-1;IMST-3;520
B00-2;BILIMST-1;ALT10IMST-7;ESIMST-1;IMST-4;921
B00-2;BILIMST-1;ALT10IMST-7;ESIMST-2;IMST-1;4498
B00-2;BILIMST-1;ALT10IMST-7;ESIMST-2;IMST-2;632
B00-2;BILIMST-1;ALT10IMST-7;ESIMST-2;IMST-3;631
B00-2;BILIMST-1;ALT10IMST-7;ESIMST-2;IMST-4;1870
B00-2;BILIMST-2;ALT10IMST-4;ESIMST-1;IMST-1;6997
B00-2;BILIMST-2;ALT10IMST-4;ESIMST-1;IMST-2;2908
B00-2;BILIMST-2;ALT10IMST-4;ESIMST-1;IMST-3;6148
B00-2;BILIMST-2;ALT10IMST-4;ESIMST-1;IMST-4;5612
B00-2;BILIMST-2;ALT10IMST-4;ESIMST-2;IMST-1;1604
B00-2;BILIMST-2;ALT10IMST-4;ESIMST-2;IMST-2;437
B00-2;BILIMST-2;ALT10IMST-4;ESIMST-2;IMST-3;1520
B00-2;BILIMST-2;ALT10IMST-4;ESIMST-2;IMST-4;1860
B00-2;BILIMST-2;ALT10IMST-5;ESIMST-1;IMST-1;9946
B00-2;BILIMST-2;ALT10IMST-5;ESIMST-1;IMST-2;4335
B00-2;BILIMST-2;ALT10IMST-5;ESIMST-1;IMST-3;6474
B00-2;BILIMST-2;ALT10IMST-5;ESIMST-1;IMST-4;6086
B00-2;BILIMST-2;ALT10IMST-5;ESIMST-2;IMST-1;1822
B00-2;BILIMST-2;ALT10IMST-5;ESIMST-2;IMST-2;438
B00-2;BILIMST-2;ALT10IMST-5;ESIMST-2;IMST-3;1161
B00-2;BILIMST-2;ALT10IMST-5;ESIMST-2;IMST-4;1660
B00-2;BILIMST-2;ALT10IMST-6;ESIMST-1;IMST-1;17969
B00-2;BILIMST-2;ALT10IMST-6;ESIMST-1;IMST-2;6235
B00-2;BILIMST-2;ALT10IMST-6;ESIMST-1;IMST-3;5773
B00-2;BILIMST-2;ALT10IMST-6;ESIMST-1;IMST-4;6747
B00-2;BILIMST-2;ALT10IMST-6;ESIMST-2;IMST-1;3593
B00-2;BILIMST-2;ALT10IMST-6;ESIMST-2;IMST-2;661
B00-2;BILIMST-2;ALT10IMST-6;ESIMST-2;IMST-3;988
B00-2;BILIMST-2;ALT10IMST-6;ESIMST-2;IMST-4;2024
B00-2;BILIMST-2;ALT10IMST-7;ESIMST-1;IMST-1;16305
B00-2;BILIMST-2;ALT10IMST-7;ESIMST-1;IMST-2;4705
B00-2;BILIMST-2;ALT10IMST-7;ESIMST-1;IMST-3;3183
B00-2;BILIMST-2;ALT10IMST-7;ESIMST-1;IMST-4;4590
B00-2;BILIMST-2;ALT10IMST-7;ESIMST-2;IMST-1;16880
B00-2;BILIMST-2;ALT10IMST-7;ESIMST-2;IMST-2;2846
B00-2;BILIMST-2;ALT10IMST-7;ESIMST-2;IMST-3;2228
B00-2;BILIMST-2;ALT10IMST-7;ESIMST-2;IMST-4;5005
B00-2;BILIMST-3;ALT10IMST-4;ESIMST-1;IMST-1;4023
B00-2;BILIMST-3;ALT10IMST-4;ESIMST-1;IMST-2;2136
B00-2;BILIMST-3;ALT10IMST-4;ESIMST-1;IMST-3;2370
B00-2;BILIMST-3;ALT10IMST-4;ESIMST-1;IMST-4;2119
B00-2;BILIMST-3;ALT10IMST-4;ESIMST-2;IMST-1;943
B00-2;BILIMST-3;ALT10IMST-4;ESIMST-2;IMST-2;350
B00-2;BILIMST-3;ALT10IMST-4;ESIMST-2;IMST-3;624
B00-2;BILIMST-3;ALT10IMST-4;ESIMST-2;IMST-4;725
B00-2;BILIMST-3;ALT10IMST-5;ESIMST-1;IMST-1;4360
B00-2;BILIMST-3;ALT10IMST-5;ESIMST-1;IMST-2;2284
B00-2;BILIMST-3;ALT10IMST-5;ESIMST-1;IMST-3;2336
B00-2;BILIMST-3;ALT10IMST-5;ESIMST-1;IMST-4;2038
B00-2;BILIMST-3;ALT10IMST-5;ESIMST-2;IMST-1;565
B00-2;BILIMST-3;ALT10IMST-5;ESIMST-2;IMST-2;191
B00-2;BILIMST-3;ALT10IMST-5;ESIMST-2;IMST-3;347
B00-2;BILIMST-3;ALT10IMST-5;ESIMST-2;IMST-4;458
B00-2;BILIMST-3;ALT10IMST-6;ESIMST-1;IMST-1;5305
B00-2;BILIMST-3;ALT10IMST-6;ESIMST-1;IMST-2;2295
B00-2;BILIMST-3;ALT10IMST-6;ESIMST-1;IMST-3;1492
B00-2;BILIMST-3;ALT10IMST-6;ESIMST-1;IMST-4;1595
B00-2;BILIMST-3;ALT10IMST-6;ESIMST-2;IMST-1;633
B00-2;BILIMST-3;ALT10IMST-6;ESIMST-2;IMST-2;144
B00-2;BILIMST-3;ALT10IMST-6;ESIMST-2;IMST-3;173
B00-2;BILIMST-3;ALT10IMST-6;ESIMST-2;IMST-4;360
B00-2;BILIMST-3;ALT10IMST-7;ESIMST-1;IMST-1;4377
B00-2;BILIMST-3;ALT10IMST-7;ESIMST-1;IMST-2;1454
B00-2;BILIMST-3;ALT10IMST-7;ESIMST-1;IMST-3;643
B00-2;BILIMST-3;ALT10IMST-7;ESIMST-1;IMST-4;982
B00-2;BILIMST-3;ALT10IMST-7;ESIMST-2;IMST-1;2440
B00-2;BILIMST-3;ALT10IMST-7;ESIMST-2;IMST-2;423
B00-2;BILIMST-3;ALT10IMST-7;ESIMST-2;IMST-3;259
B00-2;BILIMST-3;ALT10IMST-7;ESIMST-2;IMST-4;629
B00-2;BILIMST-4;ALT10IMST-4;ESIMST-1;IMST-1;3926
B00-2;BILIMST-4;ALT10IMST-4;ESIMST-1;IMST-2;2556
B00-2;BILIMST-4;ALT10IMST-4;ESIMST-1;IMST-3;1710
B00-2;BILIMST-4;ALT10IMST-4;ESIMST-1;IMST-4;1407
B00-2;BILIMST-4;ALT10IMST-4;ESIMST-2;IMST-1;793
B00-2;BILIMST-4;ALT10IMST-4;ESIMST-2;IMST-2;360
B00-2;BILIMST-4;ALT10IMST-4;ESIMST-2;IMST-3;510
B00-2;BILIMST-4;ALT10IMST-4;ESIMST-2;IMST-4;556
B00-2;BILIMST-4;ALT10IMST-5;ESIMST-1;IMST-1;5253
B00-2;BILIMST-4;ALT10IMST-5;ESIMST-1;IMST-2;3374
B00-2;BILIMST-4;ALT10IMST-5;ESIMST-1;IMST-3;2092
B00-2;BILIMST-4;ALT10IMST-5;ESIMST-1;IMST-4;1740
B00-2;BILIMST-4;ALT10IMST-5;ESIMST-2;IMST-1;681
B00-2;BILIMST-4;ALT10IMST-5;ESIMST-2;IMST-2;240
B00-2;BILIMST-4;ALT10IMST-5;ESIMST-2;IMST-3;363
B00-2;BILIMST-4;ALT10IMST-5;ESIMST-2;IMST-4;472
B00-2;BILIMST-4;ALT10IMST-6;ESIMST-1;IMST-1;5689
B00-2;BILIMST-4;ALT10IMST-6;ESIMST-1;IMST-2;2874
B00-2;BILIMST-4;ALT10IMST-6;ESIMST-1;IMST-3;1386
B00-2;BILIMST-4;ALT10IMST-6;ESIMST-1;IMST-4;1376
B00-2;BILIMST-4;ALT10IMST-6;ESIMST-2;IMST-1;501
B00-2;BILIMST-4;ALT10IMST-6;ESIMST-2;IMST-2;85
B00-2;BILIMST-4;ALT10IMST-6;ESIMST-2;IMST-3;126
B00-2;BILIMST-4;ALT10IMST-6;ESIMST-2;IMST-4;275
B00-2;BILIMST-4;ALT10IMST-7;ESIMST-1;IMST-1;5190
B00-2;BILIMST-4;ALT10IMST-7;ESIMST-1;IMST-2;2037
B00-2;BILIMST-4;ALT10IMST-7;ESIMST-1;IMST-3;614
B00-2;BILIMST-4;ALT10IMST-7;ESIMST-1;IMST-4;829
B00-2;BILIMST-4;ALT10IMST-7;ESIMST-2;IMST-1;1482
B00-2;BILIMST-4;ALT10IMST-7;ESIMST-2;IMST-2;299
B00-2;BILIMST-4;ALT10IMST-7;ESIMST-2;IMST-3;163
B00-2;BILIMST-4;ALT10IMST-7;ESIMST-2;IMST-4;375
B00-2;BILIMST-99;ALT10IMST-4;ESIMST-1;IMST-1;8
B00-2;BILIMST-99;ALT10IMST-4;ESIMST-1;IMST-2;1
B00-2;BILIMST-99;ALT10IMST-4;ESIMST-1;IMST-3;2
B00-2;BILIMST-99;ALT10IMST-4;ESIMST-1;IMST-4;6
B00-2;BILIMST-99;ALT10IMST-4;ESIMST-2;IMST-1;8
B00-2;BILIMST-99;ALT10IMST-4;ESIMST-2;IMST-2;1
B00-2;BILIMST-99;ALT10IMST-4;ESIMST-2;IMST-3;4
B00-2;BILIMST-99;ALT10IMST-4;ESIMST-2;IMST-4;17
B00-2;BILIMST-99;ALT10IMST-5;ESIMST-1;IMST-1;3
B00-2;BILIMST-99;ALT10IMST-5;ESIMST-1;IMST-2;1
B00-2;BILIMST-99;ALT10IMST-5;ESIMST-1;IMST-3;1
B00-2;BILIMST-99;ALT10IMST-5;ESIMST-1;IMST-4;4
B00-2;BILIMST-99;ALT10IMST-5;ESIMST-2;IMST-1;8
B00-2;BILIMST-99;ALT10IMST-5;ESIMST-2;IMST-2;1
B00-2;BILIMST-99;ALT10IMST-5;ESIMST-2;IMST-3;5
B00-2;BILIMST-99;ALT10IMST-5;ESIMST-2;IMST-4;11
B00-2;BILIMST-99;ALT10IMST-6;ESIMST-1;IMST-1;1
B00-2;BILIMST-99;ALT10IMST-6;ESIMST-1;IMST-2;1
B00-2;BILIMST-99;ALT10IMST-6;ESIMST-1;IMST-3;2
B00-2;BILIMST-99;ALT10IMST-6;ESIMST-1;IMST-4;3
B00-2;BILIMST-99;ALT10IMST-6;ESIMST-2;IMST-1;5
B00-2;BILIMST-99;ALT10IMST-6;ESIMST-2;IMST-4;1
B00-2;BILIMST-99;ALT10IMST-7;ESIMST-1;IMST-1;1
B00-2;BILIMST-99;ALT10IMST-7;ESIMST-1;IMST-3;1
B00-2;BILIMST-99;ALT10IMST-7;ESIMST-1;IMST-4;2
B00-2;BILIMST-99;ALT10IMST-7;ESIMST-2;IMST-1;10
B00-2;BILIMST-99;ALT10IMST-7;ESIMST-2;IMST-4;3
B00-3;BILIMST-1;ALT10IMST-4;ESIMST-1;IMST-1;5558
B00-3;BILIMST-1;ALT10IMST-4;ESIMST-1;IMST-2;2397
B00-3;BILIMST-1;ALT10IMST-4;ESIMST-1;IMST-3;3654
B00-3;BILIMST-1;ALT10IMST-4;ESIMST-1;IMST-4;3741
B00-3;BILIMST-1;ALT10IMST-4;ESIMST-2;IMST-1;3686
B00-3;BILIMST-1;ALT10IMST-4;ESIMST-2;IMST-2;1220
B00-3;BILIMST-1;ALT10IMST-4;ESIMST-2;IMST-3;2199
B00-3;BILIMST-1;ALT10IMST-4;ESIMST-2;IMST-4;3241
B00-3;BILIMST-1;ALT10IMST-5;ESIMST-1;IMST-1;8202
B00-3;BILIMST-1;ALT10IMST-5;ESIMST-1;IMST-2;3805
B00-3;BILIMST-1;ALT10IMST-5;ESIMST-1;IMST-3;4333
B00-3;BILIMST-1;ALT10IMST-5;ESIMST-1;IMST-4;4236
B00-3;BILIMST-1;ALT10IMST-5;ESIMST-2;IMST-1;3428
B00-3;BILIMST-1;ALT10IMST-5;ESIMST-2;IMST-2;1122
B00-3;BILIMST-1;ALT10IMST-5;ESIMST-2;IMST-3;1804
B00-3;BILIMST-1;ALT10IMST-5;ESIMST-2;IMST-4;2502
B00-3;BILIMST-1;ALT10IMST-6;ESIMST-1;IMST-1;11415
B00-3;BILIMST-1;ALT10IMST-6;ESIMST-1;IMST-2;4523
B00-3;BILIMST-1;ALT10IMST-6;ESIMST-1;IMST-3;3701
B00-3;BILIMST-1;ALT10IMST-6;ESIMST-1;IMST-4;4234
B00-3;BILIMST-1;ALT10IMST-6;ESIMST-2;IMST-1;4458
B00-3;BILIMST-1;ALT10IMST-6;ESIMST-2;IMST-2;1135
B00-3;BILIMST-1;ALT10IMST-6;ESIMST-2;IMST-3;1282
B00-3;BILIMST-1;ALT10IMST-6;ESIMST-2;IMST-4;2456
B00-3;BILIMST-1;ALT10IMST-7;ESIMST-1;IMST-1;9961
B00-3;BILIMST-1;ALT10IMST-7;ESIMST-1;IMST-2;3281
B00-3;BILIMST-1;ALT10IMST-7;ESIMST-1;IMST-3;2021
B00-3;BILIMST-1;ALT10IMST-7;ESIMST-1;IMST-4;2789
B00-3;BILIMST-1;ALT10IMST-7;ESIMST-2;IMST-1;14727
B00-3;BILIMST-1;ALT10IMST-7;ESIMST-2;IMST-2;3166
B00-3;BILIMST-1;ALT10IMST-7;ESIMST-2;IMST-3;1964
B00-3;BILIMST-1;ALT10IMST-7;ESIMST-2;IMST-4;4816
B00-3;BILIMST-2;ALT10IMST-4;ESIMST-1;IMST-1;24628
B00-3;BILIMST-2;ALT10IMST-4;ESIMST-1;IMST-2;14458
B00-3;BILIMST-2;ALT10IMST-4;ESIMST-1;IMST-3;16738
B00-3;BILIMST-2;ALT10IMST-4;ESIMST-1;IMST-4;12169
B00-3;BILIMST-2;ALT10IMST-4;ESIMST-2;IMST-1;4506
B00-3;BILIMST-2;ALT10IMST-4;ESIMST-2;IMST-2;1972
B00-3;BILIMST-2;ALT10IMST-4;ESIMST-2;IMST-3;4093
B00-3;BILIMST-2;ALT10IMST-4;ESIMST-2;IMST-4;3688
B00-3;BILIMST-2;ALT10IMST-5;ESIMST-1;IMST-1;32188
B00-3;BILIMST-2;ALT10IMST-5;ESIMST-1;IMST-2;20134
B00-3;BILIMST-2;ALT10IMST-5;ESIMST-1;IMST-3;18503
B00-3;BILIMST-2;ALT10IMST-5;ESIMST-1;IMST-4;13023
B00-3;BILIMST-2;ALT10IMST-5;ESIMST-2;IMST-1;4442
B00-3;BILIMST-2;ALT10IMST-5;ESIMST-2;IMST-2;1699
B00-3;BILIMST-2;ALT10IMST-5;ESIMST-2;IMST-3;2725
B00-3;BILIMST-2;ALT10IMST-5;ESIMST-2;IMST-4;3016
B00-3;BILIMST-2;ALT10IMST-6;ESIMST-1;IMST-1;55581
B00-3;BILIMST-2;ALT10IMST-6;ESIMST-1;IMST-2;27476
B00-3;BILIMST-2;ALT10IMST-6;ESIMST-1;IMST-3;16443
B00-3;BILIMST-2;ALT10IMST-6;ESIMST-1;IMST-4;14807
B00-3;BILIMST-2;ALT10IMST-6;ESIMST-2;IMST-1;7563
B00-3;BILIMST-2;ALT10IMST-6;ESIMST-2;IMST-2;1895
B00-3;BILIMST-2;ALT10IMST-6;ESIMST-2;IMST-3;2046
B00-3;BILIMST-2;ALT10IMST-6;ESIMST-2;IMST-4;3463
B00-3;BILIMST-2;ALT10IMST-7;ESIMST-1;IMST-1;49874
B00-3;BILIMST-2;ALT10IMST-7;ESIMST-1;IMST-2;19878
B00-3;BILIMST-2;ALT10IMST-7;ESIMST-1;IMST-3;8195
B00-3;BILIMST-2;ALT10IMST-7;ESIMST-1;IMST-4;10028
B00-3;BILIMST-2;ALT10IMST-7;ESIMST-2;IMST-1;41357
B00-3;BILIMST-2;ALT10IMST-7;ESIMST-2;IMST-2;10022
B00-3;BILIMST-2;ALT10IMST-7;ESIMST-2;IMST-3;4444
B00-3;BILIMST-2;ALT10IMST-7;ESIMST-2;IMST-4;9371
B00-3;BILIMST-3;ALT10IMST-4;ESIMST-1;IMST-1;13999
B00-3;BILIMST-3;ALT10IMST-4;ESIMST-1;IMST-2;10645
B00-3;BILIMST-3;ALT10IMST-4;ESIMST-1;IMST-3;6226
B00-3;BILIMST-3;ALT10IMST-4;ESIMST-1;IMST-4;3955
B00-3;BILIMST-3;ALT10IMST-4;ESIMST-2;IMST-1;2868
B00-3;BILIMST-3;ALT10IMST-4;ESIMST-2;IMST-2;1613
B00-3;BILIMST-3;ALT10IMST-4;ESIMST-2;IMST-3;1703
B00-3;BILIMST-3;ALT10IMST-4;ESIMST-2;IMST-4;1535
B00-3;BILIMST-3;ALT10IMST-5;ESIMST-1;IMST-1;15064
B00-3;BILIMST-3;ALT10IMST-5;ESIMST-1;IMST-2;11177
B00-3;BILIMST-3;ALT10IMST-5;ESIMST-1;IMST-3;6097
B00-3;BILIMST-3;ALT10IMST-5;ESIMST-1;IMST-4;3993
B00-3;BILIMST-3;ALT10IMST-5;ESIMST-2;IMST-1;1859
B00-3;BILIMST-3;ALT10IMST-5;ESIMST-2;IMST-2;985
B00-3;BILIMST-3;ALT10IMST-5;ESIMST-2;IMST-3;1026
B00-3;BILIMST-3;ALT10IMST-5;ESIMST-2;IMST-4;1064
B00-3;BILIMST-3;ALT10IMST-6;ESIMST-1;IMST-1;19003
B00-3;BILIMST-3;ALT10IMST-6;ESIMST-1;IMST-2;10972
B00-3;BILIMST-3;ALT10IMST-6;ESIMST-1;IMST-3;4373
B00-3;BILIMST-3;ALT10IMST-6;ESIMST-1;IMST-4;3499
B00-3;BILIMST-3;ALT10IMST-6;ESIMST-2;IMST-1;1868
B00-3;BILIMST-3;ALT10IMST-6;ESIMST-2;IMST-2;567
B00-3;BILIMST-3;ALT10IMST-6;ESIMST-2;IMST-3;502
B00-3;BILIMST-3;ALT10IMST-6;ESIMST-2;IMST-4;836
B00-3;BILIMST-3;ALT10IMST-7;ESIMST-1;IMST-1;14802
B00-3;BILIMST-3;ALT10IMST-7;ESIMST-1;IMST-2;6301
B00-3;BILIMST-3;ALT10IMST-7;ESIMST-1;IMST-3;1823
B00-3;BILIMST-3;ALT10IMST-7;ESIMST-1;IMST-4;2183
B00-3;BILIMST-3;ALT10IMST-7;ESIMST-2;IMST-1;6637
B00-3;BILIMST-3;ALT10IMST-7;ESIMST-2;IMST-2;1616
B00-3;BILIMST-3;ALT10IMST-7;ESIMST-2;IMST-3;605
B00-3;BILIMST-3;ALT10IMST-7;ESIMST-2;IMST-4;1526
B00-3;BILIMST-4;ALT10IMST-4;ESIMST-1;IMST-1;12648
B00-3;BILIMST-4;ALT10IMST-4;ESIMST-1;IMST-2;11199
B00-3;BILIMST-4;ALT10IMST-4;ESIMST-1;IMST-3;3465
B00-3;BILIMST-4;ALT10IMST-4;ESIMST-1;IMST-4;2260
B00-3;BILIMST-4;ALT10IMST-4;ESIMST-2;IMST-1;2682
B00-3;BILIMST-4;ALT10IMST-4;ESIMST-2;IMST-2;1506
B00-3;BILIMST-4;ALT10IMST-4;ESIMST-2;IMST-3;1120
B00-3;BILIMST-4;ALT10IMST-4;ESIMST-2;IMST-4;1100
B00-3;BILIMST-4;ALT10IMST-5;ESIMST-1;IMST-1;16528
B00-3;BILIMST-4;ALT10IMST-5;ESIMST-1;IMST-2;14202
B00-3;BILIMST-4;ALT10IMST-5;ESIMST-1;IMST-3;4589
B00-3;BILIMST-4;ALT10IMST-5;ESIMST-1;IMST-4;3270
B00-3;BILIMST-4;ALT10IMST-5;ESIMST-2;IMST-1;2242
B00-3;BILIMST-4;ALT10IMST-5;ESIMST-2;IMST-2;1195
B00-3;BILIMST-4;ALT10IMST-5;ESIMST-2;IMST-3;951
B00-3;BILIMST-4;ALT10IMST-5;ESIMST-2;IMST-4;933
B00-3;BILIMST-4;ALT10IMST-6;ESIMST-1;IMST-1;18926
B00-3;BILIMST-4;ALT10IMST-6;ESIMST-1;IMST-2;12576
B00-3;BILIMST-4;ALT10IMST-6;ESIMST-1;IMST-3;3555
B00-3;BILIMST-4;ALT10IMST-6;ESIMST-1;IMST-4;2819
B00-3;BILIMST-4;ALT10IMST-6;ESIMST-2;IMST-1;1234
B00-3;BILIMST-4;ALT10IMST-6;ESIMST-2;IMST-2;453
B00-3;BILIMST-4;ALT10IMST-6;ESIMST-2;IMST-3;343
B00-3;BILIMST-4;ALT10IMST-6;ESIMST-2;IMST-4;561
B00-3;BILIMST-4;ALT10IMST-7;ESIMST-1;IMST-1;15181
B00-3;BILIMST-4;ALT10IMST-7;ESIMST-1;IMST-2;7329
B00-3;BILIMST-4;ALT10IMST-7;ESIMST-1;IMST-3;1537
B00-3;BILIMST-4;ALT10IMST-7;ESIMST-1;IMST-4;1815
B00-3;BILIMST-4;ALT10IMST-7;ESIMST-2;IMST-1;3829
B00-3;BILIMST-4;ALT10IMST-7;ESIMST-2;IMST-2;1091
B00-3;BILIMST-4;ALT10IMST-7;ESIMST-2;IMST-3;378
B00-3;BILIMST-4;ALT10IMST-7;ESIMST-2;IMST-4;887
B00-3;BILIMST-99;ALT10IMST-4;ESIMST-1;IMST-1;13
B00-3;BILIMST-99;ALT10IMST-4;ESIMST-1;IMST-2;6
B00-3;BILIMST-99;ALT10IMST-4;ESIMST-1;IMST-3;3
B00-3;BILIMST-99;ALT10IMST-4;ESIMST-1;IMST-4;12
B00-3;BILIMST-99;ALT10IMST-4;ESIMST-2;IMST-1;27
B00-3;BILIMST-99;ALT10IMST-4;ESIMST-2;IMST-2;7
B00-3;BILIMST-99;ALT10IMST-4;ESIMST-2;IMST-3;9
B00-3;BILIMST-99;ALT10IMST-4;ESIMST-2;IMST-4;31
B00-3;BILIMST-99;ALT10IMST-5;ESIMST-1;IMST-1;7
B00-3;BILIMST-99;ALT10IMST-5;ESIMST-1;IMST-2;2
B00-3;BILIMST-99;ALT10IMST-5;ESIMST-1;IMST-3;2
B00-3;BILIMST-99;ALT10IMST-5;ESIMST-1;IMST-4;11
B00-3;BILIMST-99;ALT10IMST-5;ESIMST-2;IMST-1;9
B00-3;BILIMST-99;ALT10IMST-5;ESIMST-2;IMST-2;4
B00-3;BILIMST-99;ALT10IMST-5;ESIMST-2;IMST-3;4
B00-3;BILIMST-99;ALT10IMST-5;ESIMST-2;IMST-4;17
B00-3;BILIMST-99;ALT10IMST-6;ESIMST-1;IMST-1;8
B00-3;BILIMST-99;ALT10IMST-6;ESIMST-1;IMST-3;2
B00-3;BILIMST-99;ALT10IMST-6;ESIMST-1;IMST-4;10
B00-3;BILIMST-99;ALT10IMST-6;ESIMST-2;IMST-1;13
B00-3;BILIMST-99;ALT10IMST-6;ESIMST-2;IMST-3;3
B00-3;BILIMST-99;ALT10IMST-6;ESIMST-2;IMST-4;9
B00-3;BILIMST-99;ALT10IMST-7;ESIMST-1;IMST-1;4
B00-3;BILIMST-99;ALT10IMST-7;ESIMST-1;IMST-4;7
B00-3;BILIMST-99;ALT10IMST-7;ESIMST-2;IMST-1;8
B00-3;BILIMST-99;ALT10IMST-7;ESIMST-2;IMST-2;1
B00-3;BILIMST-99;ALT10IMST-7;ESIMST-2;IMST-3;1
B00-3;BILIMST-99;ALT10IMST-7;ESIMST-2;IMST-4;9
B00-4;BILIMST-1;ALT10IMST-4;ESIMST-1;IMST-1;5668
B00-4;BILIMST-1;ALT10IMST-4;ESIMST-1;IMST-2;1995
B00-4;BILIMST-1;ALT10IMST-4;ESIMST-1;IMST-3;5355
B00-4;BILIMST-1;ALT10IMST-4;ESIMST-1;IMST-4;6110
B00-4;BILIMST-1;ALT10IMST-4;ESIMST-2;IMST-1;3070
B00-4;BILIMST-1;ALT10IMST-4;ESIMST-2;IMST-2;851
B00-4;BILIMST-1;ALT10IMST-4;ESIMST-2;IMST-3;2410
B00-4;BILIMST-1;ALT10IMST-4;ESIMST-2;IMST-4;3983
B00-4;BILIMST-1;ALT10IMST-5;ESIMST-1;IMST-1;7891
B00-4;BILIMST-1;ALT10IMST-5;ESIMST-1;IMST-2;3019
B00-4;BILIMST-1;ALT10IMST-5;ESIMST-1;IMST-3;5747
B00-4;BILIMST-1;ALT10IMST-5;ESIMST-1;IMST-4;6091
B00-4;BILIMST-1;ALT10IMST-5;ESIMST-2;IMST-1;2889
B00-4;BILIMST-1;ALT10IMST-5;ESIMST-2;IMST-2;780
B00-4;BILIMST-1;ALT10IMST-5;ESIMST-2;IMST-3;1773
B00-4;BILIMST-1;ALT10IMST-5;ESIMST-2;IMST-4;2733
B00-4;BILIMST-1;ALT10IMST-6;ESIMST-1;IMST-1;11619
B00-4;BILIMST-1;ALT10IMST-6;ESIMST-1;IMST-2;3994
B00-4;BILIMST-1;ALT10IMST-6;ESIMST-1;IMST-3;5025
B00-4;BILIMST-1;ALT10IMST-6;ESIMST-1;IMST-4;6248
B00-4;BILIMST-1;ALT10IMST-6;ESIMST-2;IMST-1;3981
B00-4;BILIMST-1;ALT10IMST-6;ESIMST-2;IMST-2;903
B00-4;BILIMST-1;ALT10IMST-6;ESIMST-2;IMST-3;1158
B00-4;BILIMST-1;ALT10IMST-6;ESIMST-2;IMST-4;2442
B00-4;BILIMST-1;ALT10IMST-7;ESIMST-1;IMST-1;10857
B00-4;BILIMST-1;ALT10IMST-7;ESIMST-1;IMST-2;3196
B00-4;BILIMST-1;ALT10IMST-7;ESIMST-1;IMST-3;2668
B00-4;BILIMST-1;ALT10IMST-7;ESIMST-1;IMST-4;3830
B00-4;BILIMST-1;ALT10IMST-7;ESIMST-2;IMST-1;14262
B00-4;BILIMST-1;ALT10IMST-7;ESIMST-2;IMST-2;2678
B00-4;BILIMST-1;ALT10IMST-7;ESIMST-2;IMST-3;2278
B00-4;BILIMST-1;ALT10IMST-7;ESIMST-2;IMST-4;5237
B00-4;BILIMST-2;ALT10IMST-4;ESIMST-1;IMST-1;22088
B00-4;BILIMST-2;ALT10IMST-4;ESIMST-1;IMST-2;12216
B00-4;BILIMST-2;ALT10IMST-4;ESIMST-1;IMST-3;22426
B00-4;BILIMST-2;ALT10IMST-4;ESIMST-1;IMST-4;17286
B00-4;BILIMST-2;ALT10IMST-4;ESIMST-2;IMST-1;3927
B00-4;BILIMST-2;ALT10IMST-4;ESIMST-2;IMST-2;1643
B00-4;BILIMST-2;ALT10IMST-4;ESIMST-2;IMST-3;4541
B00-4;BILIMST-2;ALT10IMST-4;ESIMST-2;IMST-4;4422
B00-4;BILIMST-2;ALT10IMST-5;ESIMST-1;IMST-1;27477
B00-4;BILIMST-2;ALT10IMST-5;ESIMST-1;IMST-2;16047
B00-4;BILIMST-2;ALT10IMST-5;ESIMST-1;IMST-3;22040
B00-4;BILIMST-2;ALT10IMST-5;ESIMST-1;IMST-4;16923
B00-4;BILIMST-2;ALT10IMST-5;ESIMST-2;IMST-1;3328
B00-4;BILIMST-2;ALT10IMST-5;ESIMST-2;IMST-2;1235
B00-4;BILIMST-2;ALT10IMST-5;ESIMST-2;IMST-3;2641
B00-4;BILIMST-2;ALT10IMST-5;ESIMST-2;IMST-4;3035
B00-4;BILIMST-2;ALT10IMST-6;ESIMST-1;IMST-1;44554
B00-4;BILIMST-2;ALT10IMST-6;ESIMST-1;IMST-2;20437
B00-4;BILIMST-2;ALT10IMST-6;ESIMST-1;IMST-3;18526
B00-4;BILIMST-2;ALT10IMST-6;ESIMST-1;IMST-4;17741
B00-4;BILIMST-2;ALT10IMST-6;ESIMST-2;IMST-1;5056
B00-4;BILIMST-2;ALT10IMST-6;ESIMST-2;IMST-2;1108
B00-4;BILIMST-2;ALT10IMST-6;ESIMST-2;IMST-3;1723
B00-4;BILIMST-2;ALT10IMST-6;ESIMST-2;IMST-4;2812
B00-4;BILIMST-2;ALT10IMST-7;ESIMST-1;IMST-1;42594
B00-4;BILIMST-2;ALT10IMST-7;ESIMST-1;IMST-2;16142
B00-4;BILIMST-2;ALT10IMST-7;ESIMST-1;IMST-3;9290
B00-4;BILIMST-2;ALT10IMST-7;ESIMST-1;IMST-4;11851
B00-4;BILIMST-2;ALT10IMST-7;ESIMST-2;IMST-1;32409
B00-4;BILIMST-2;ALT10IMST-7;ESIMST-2;IMST-2;7256
B00-4;BILIMST-2;ALT10IMST-7;ESIMST-2;IMST-3;4354
B00-4;BILIMST-2;ALT10IMST-7;ESIMST-2;IMST-4;8406
B00-4;BILIMST-3;ALT10IMST-4;ESIMST-1;IMST-1;9859
B00-4;BILIMST-3;ALT10IMST-4;ESIMST-1;IMST-2;7049
B00-4;BILIMST-3;ALT10IMST-4;ESIMST-1;IMST-3;6142
B00-4;BILIMST-3;ALT10IMST-4;ESIMST-1;IMST-4;4403
B00-4;BILIMST-3;ALT10IMST-4;ESIMST-2;IMST-1;2363
B00-4;BILIMST-3;ALT10IMST-4;ESIMST-2;IMST-2;1156
B00-4;BILIMST-3;ALT10IMST-4;ESIMST-2;IMST-3;1641
B00-4;BILIMST-3;ALT10IMST-4;ESIMST-2;IMST-4;1636
B00-4;BILIMST-3;ALT10IMST-5;ESIMST-1;IMST-1;9268
B00-4;BILIMST-3;ALT10IMST-5;ESIMST-1;IMST-2;6642
B00-4;BILIMST-3;ALT10IMST-5;ESIMST-1;IMST-3;5672
B00-4;BILIMST-3;ALT10IMST-5;ESIMST-1;IMST-4;3949
B00-4;BILIMST-3;ALT10IMST-5;ESIMST-2;IMST-1;1175
B00-4;BILIMST-3;ALT10IMST-5;ESIMST-2;IMST-2;521
B00-4;BILIMST-3;ALT10IMST-5;ESIMST-2;IMST-3;851
B00-4;BILIMST-3;ALT10IMST-5;ESIMST-2;IMST-4;891
B00-4;BILIMST-3;ALT10IMST-6;ESIMST-1;IMST-1;10638
B00-4;BILIMST-3;ALT10IMST-6;ESIMST-1;IMST-2;5938
B00-4;BILIMST-3;ALT10IMST-6;ESIMST-1;IMST-3;3646
B00-4;BILIMST-3;ALT10IMST-6;ESIMST-1;IMST-4;3172
B00-4;BILIMST-3;ALT10IMST-6;ESIMST-2;IMST-1;1054
B00-4;BILIMST-3;ALT10IMST-6;ESIMST-2;IMST-2;267
B00-4;BILIMST-3;ALT10IMST-6;ESIMST-2;IMST-3;282
B00-4;BILIMST-3;ALT10IMST-6;ESIMST-2;IMST-4;561
B00-4;BILIMST-3;ALT10IMST-7;ESIMST-1;IMST-1;9021
B00-4;BILIMST-3;ALT10IMST-7;ESIMST-1;IMST-2;3585
B00-4;BILIMST-3;ALT10IMST-7;ESIMST-1;IMST-3;1459
B00-4;BILIMST-3;ALT10IMST-7;ESIMST-1;IMST-4;1920
B00-4;BILIMST-3;ALT10IMST-7;ESIMST-2;IMST-1;4138
B00-4;BILIMST-3;ALT10IMST-7;ESIMST-2;IMST-2;898
B00-4;BILIMST-3;ALT10IMST-7;ESIMST-2;IMST-3;452
B00-4;BILIMST-3;ALT10IMST-7;ESIMST-2;IMST-4;1042
B00-4;BILIMST-4;ALT10IMST-4;ESIMST-1;IMST-1;11789
B00-4;BILIMST-4;ALT10IMST-4;ESIMST-1;IMST-2;9550
B00-4;BILIMST-4;ALT10IMST-4;ESIMST-1;IMST-3;4374
B00-4;BILIMST-4;ALT10IMST-4;ESIMST-1;IMST-4;3099
B00-4;BILIMST-4;ALT10IMST-4;ESIMST-2;IMST-1;2231
B00-4;BILIMST-4;ALT10IMST-4;ESIMST-2;IMST-2;1228
B00-4;BILIMST-4;ALT10IMST-4;ESIMST-2;IMST-3;1225
B00-4;BILIMST-4;ALT10IMST-4;ESIMST-2;IMST-4;1359
B00-4;BILIMST-4;ALT10IMST-5;ESIMST-1;IMST-1;13600
B00-4;BILIMST-4;ALT10IMST-5;ESIMST-1;IMST-2;10977
B00-4;BILIMST-4;ALT10IMST-5;ESIMST-1;IMST-3;5084
B00-4;BILIMST-4;ALT10IMST-5;ESIMST-1;IMST-4;3682
B00-4;BILIMST-4;ALT10IMST-5;ESIMST-2;IMST-1;1600
B00-4;BILIMST-4;ALT10IMST-5;ESIMST-2;IMST-2;815
B00-4;BILIMST-4;ALT10IMST-5;ESIMST-2;IMST-3;880
B00-4;BILIMST-4;ALT10IMST-5;ESIMST-2;IMST-4;912
B00-4;BILIMST-4;ALT10IMST-6;ESIMST-1;IMST-1;13124
B00-4;BILIMST-4;ALT10IMST-6;ESIMST-1;IMST-2;8343
B00-4;BILIMST-4;ALT10IMST-6;ESIMST-1;IMST-3;3213
B00-4;BILIMST-4;ALT10IMST-6;ESIMST-1;IMST-4;2835
B00-4;BILIMST-4;ALT10IMST-6;ESIMST-2;IMST-1;800
B00-4;BILIMST-4;ALT10IMST-6;ESIMST-2;IMST-2;219
B00-4;BILIMST-4;ALT10IMST-6;ESIMST-2;IMST-3;227
B00-4;BILIMST-4;ALT10IMST-6;ESIMST-2;IMST-4;436
B00-4;BILIMST-4;ALT10IMST-7;ESIMST-1;IMST-1;11352
B00-4;BILIMST-4;ALT10IMST-7;ESIMST-1;IMST-2;5381
B00-4;BILIMST-4;ALT10IMST-7;ESIMST-1;IMST-3;1333
B00-4;BILIMST-4;ALT10IMST-7;ESIMST-1;IMST-4;1674
B00-4;BILIMST-4;ALT10IMST-7;ESIMST-2;IMST-1;3173
B00-4;BILIMST-4;ALT10IMST-7;ESIMST-2;IMST-2;861
B00-4;BILIMST-4;ALT10IMST-7;ESIMST-2;IMST-3;306
B00-4;BILIMST-4;ALT10IMST-7;ESIMST-2;IMST-4;688
B00-4;BILIMST-99;ALT10IMST-4;ESIMST-1;IMST-1;15
B00-4;BILIMST-99;ALT10IMST-4;ESIMST-1;IMST-2;3
B00-4;BILIMST-99;ALT10IMST-4;ESIMST-1;IMST-3;8
B00-4;BILIMST-99;ALT10IMST-4;ESIMST-1;IMST-4;22
B00-4;BILIMST-99;ALT10IMST-4;ESIMST-2;IMST-1;31
B00-4;BILIMST-99;ALT10IMST-4;ESIMST-2;IMST-2;5
B00-4;BILIMST-99;ALT10IMST-4;ESIMST-2;IMST-3;17
B00-4;BILIMST-99;ALT10IMST-4;ESIMST-2;IMST-4;36
B00-4;BILIMST-99;ALT10IMST-5;ESIMST-1;IMST-1;7
B00-4;BILIMST-99;ALT10IMST-5;ESIMST-1;IMST-2;4
B00-4;BILIMST-99;ALT10IMST-5;ESIMST-1;IMST-3;12
B00-4;BILIMST-99;ALT10IMST-5;ESIMST-1;IMST-4;13
B00-4;BILIMST-99;ALT10IMST-5;ESIMST-2;IMST-1;19
B00-4;BILIMST-99;ALT10IMST-5;ESIMST-2;IMST-2;3
B00-4;BILIMST-99;ALT10IMST-5;ESIMST-2;IMST-3;6
B00-4;BILIMST-99;ALT10IMST-5;ESIMST-2;IMST-4;23
B00-4;BILIMST-99;ALT10IMST-6;ESIMST-1;IMST-1;6
B00-4;BILIMST-99;ALT10IMST-6;ESIMST-1;IMST-2;2
B00-4;BILIMST-99;ALT10IMST-6;ESIMST-1;IMST-3;3
B00-4;BILIMST-99;ALT10IMST-6;ESIMST-1;IMST-4;6
B00-4;BILIMST-99;ALT10IMST-6;ESIMST-2;IMST-1;7
B00-4;BILIMST-99;ALT10IMST-6;ESIMST-2;IMST-3;6
B00-4;BILIMST-99;ALT10IMST-6;ESIMST-2;IMST-4;20
B00-4;BILIMST-99;ALT10IMST-7;ESIMST-1;IMST-4;5
B00-4;BILIMST-99;ALT10IMST-7;ESIMST-2;IMST-1;5
B00-4;BILIMST-99;ALT10IMST-7;ESIMST-2;IMST-2;1
B00-4;BILIMST-99;ALT10IMST-7;ESIMST-2;IMST-3;4
B00-4;BILIMST-99;ALT10IMST-7;ESIMST-2;IMST-4;15
B00-5;BILIMST-1;ALT10IMST-4;ESIMST-1;IMST-1;2358
B00-5;BILIMST-1;ALT10IMST-4;ESIMST-1;IMST-2;879
B00-5;BILIMST-1;ALT10IMST-4;ESIMST-1;IMST-3;1804
B00-5;BILIMST-1;ALT10IMST-4;ESIMST-1;IMST-4;2044
B00-5;BILIMST-1;ALT10IMST-4;ESIMST-2;IMST-1;934
B00-5;BILIMST-1;ALT10IMST-4;ESIMST-2;IMST-2;299
B00-5;BILIMST-1;ALT10IMST-4;ESIMST-2;IMST-3;617
B00-5;BILIMST-1;ALT10IMST-4;ESIMST-2;IMST-4;1007
B00-5;BILIMST-1;ALT10IMST-5;ESIMST-1;IMST-1;3027
B00-5;BILIMST-1;ALT10IMST-5;ESIMST-1;IMST-2;1304
B00-5;BILIMST-1;ALT10IMST-5;ESIMST-1;IMST-3;1912
B00-5;BILIMST-1;ALT10IMST-5;ESIMST-1;IMST-4;2038
B00-5;BILIMST-1;ALT10IMST-5;ESIMST-2;IMST-1;926
B00-5;BILIMST-1;ALT10IMST-5;ESIMST-2;IMST-2;270
B00-5;BILIMST-1;ALT10IMST-5;ESIMST-2;IMST-3;477
B00-5;BILIMST-1;ALT10IMST-5;ESIMST-2;IMST-4;794
B00-5;BILIMST-1;ALT10IMST-6;ESIMST-1;IMST-1;4274
B00-5;BILIMST-1;ALT10IMST-6;ESIMST-1;IMST-2;1483
B00-5;BILIMST-1;ALT10IMST-6;ESIMST-1;IMST-3;1576
B00-5;BILIMST-1;ALT10IMST-6;ESIMST-1;IMST-4;1874
B00-5;BILIMST-1;ALT10IMST-6;ESIMST-2;IMST-1;1201
B00-5;BILIMST-1;ALT10IMST-6;ESIMST-2;IMST-2;318
B00-5;BILIMST-1;ALT10IMST-6;ESIMST-2;IMST-3;348
B00-5;BILIMST-1;ALT10IMST-6;ESIMST-2;IMST-4;732
B00-5;BILIMST-1;ALT10IMST-7;ESIMST-1;IMST-1;3489
B00-5;BILIMST-1;ALT10IMST-7;ESIMST-1;IMST-2;950
B00-5;BILIMST-1;ALT10IMST-7;ESIMST-1;IMST-3;777
B00-5;BILIMST-1;ALT10IMST-7;ESIMST-1;IMST-4;1151
B00-5;BILIMST-1;ALT10IMST-7;ESIMST-2;IMST-1;3784
B00-5;BILIMST-1;ALT10IMST-7;ESIMST-2;IMST-2;741
B00-5;BILIMST-1;ALT10IMST-7;ESIMST-2;IMST-3;553
B00-5;BILIMST-1;ALT10IMST-7;ESIMST-2;IMST-4;1459
B00-5;BILIMST-2;ALT10IMST-4;ESIMST-1;IMST-1;8030
B00-5;BILIMST-2;ALT10IMST-4;ESIMST-1;IMST-2;4367
B00-5;BILIMST-2;ALT10IMST-4;ESIMST-1;IMST-3;6880
B00-5;BILIMST-2;ALT10IMST-4;ESIMST-1;IMST-4;5436
B00-5;BILIMST-2;ALT10IMST-4;ESIMST-2;IMST-1;1331
B00-5;BILIMST-2;ALT10IMST-4;ESIMST-2;IMST-2;548
B00-5;BILIMST-2;ALT10IMST-4;ESIMST-2;IMST-3;1401
B00-5;BILIMST-2;ALT10IMST-4;ESIMST-2;IMST-4;1357
B00-5;BILIMST-2;ALT10IMST-5;ESIMST-1;IMST-1;10335
B00-5;BILIMST-2;ALT10IMST-5;ESIMST-1;IMST-2;6003
B00-5;BILIMST-2;ALT10IMST-5;ESIMST-1;IMST-3;7071
B00-5;BILIMST-2;ALT10IMST-5;ESIMST-1;IMST-4;5648
B00-5;BILIMST-2;ALT10IMST-5;ESIMST-2;IMST-1;1241
B00-5;BILIMST-2;ALT10IMST-5;ESIMST-2;IMST-2;513
B00-5;BILIMST-2;ALT10IMST-5;ESIMST-2;IMST-3;898
B00-5;BILIMST-2;ALT10IMST-5;ESIMST-2;IMST-4;1007
B00-5;BILIMST-2;ALT10IMST-6;ESIMST-1;IMST-1;16970
B00-5;BILIMST-2;ALT10IMST-6;ESIMST-1;IMST-2;7790
B00-5;BILIMST-2;ALT10IMST-6;ESIMST-1;IMST-3;6380
B00-5;BILIMST-2;ALT10IMST-6;ESIMST-1;IMST-4;6270
B00-5;BILIMST-2;ALT10IMST-6;ESIMST-2;IMST-1;1907
B00-5;BILIMST-2;ALT10IMST-6;ESIMST-2;IMST-2;446
B00-5;BILIMST-2;ALT10IMST-6;ESIMST-2;IMST-3;547
B00-5;BILIMST-2;ALT10IMST-6;ESIMST-2;IMST-4;901
B00-5;BILIMST-2;ALT10IMST-7;ESIMST-1;IMST-1;16259
B00-5;BILIMST-2;ALT10IMST-7;ESIMST-1;IMST-2;6060
B00-5;BILIMST-2;ALT10IMST-7;ESIMST-1;IMST-3;3392
B00-5;BILIMST-2;ALT10IMST-7;ESIMST-1;IMST-4;4370
B00-5;BILIMST-2;ALT10IMST-7;ESIMST-2;IMST-1;10726
B00-5;BILIMST-2;ALT10IMST-7;ESIMST-2;IMST-2;2492
B00-5;BILIMST-2;ALT10IMST-7;ESIMST-2;IMST-3;1530
B00-5;BILIMST-2;ALT10IMST-7;ESIMST-2;IMST-4;2635
B00-5;BILIMST-3;ALT10IMST-4;ESIMST-1;IMST-1;4182
B00-5;BILIMST-3;ALT10IMST-4;ESIMST-1;IMST-2;3031
B00-5;BILIMST-3;ALT10IMST-4;ESIMST-1;IMST-3;2831
B00-5;BILIMST-3;ALT10IMST-4;ESIMST-1;IMST-4;2016
B00-5;BILIMST-3;ALT10IMST-4;ESIMST-2;IMST-1;915
B00-5;BILIMST-3;ALT10IMST-4;ESIMST-2;IMST-2;441
B00-5;BILIMST-3;ALT10IMST-4;ESIMST-2;IMST-3;665
B00-5;BILIMST-3;ALT10IMST-4;ESIMST-2;IMST-4;714
B00-5;BILIMST-3;ALT10IMST-5;ESIMST-1;IMST-1;3716
B00-5;BILIMST-3;ALT10IMST-5;ESIMST-1;IMST-2;2682
B00-5;BILIMST-3;ALT10IMST-5;ESIMST-1;IMST-3;2235
B00-5;BILIMST-3;ALT10IMST-5;ESIMST-1;IMST-4;1609
B00-5;BILIMST-3;ALT10IMST-5;ESIMST-2;IMST-1;470
B00-5;BILIMST-3;ALT10IMST-5;ESIMST-2;IMST-2;238
B00-5;BILIMST-3;ALT10IMST-5;ESIMST-2;IMST-3;317
B00-5;BILIMST-3;ALT10IMST-5;ESIMST-2;IMST-4;352
B00-5;BILIMST-3;ALT10IMST-6;ESIMST-1;IMST-1;4148
B00-5;BILIMST-3;ALT10IMST-6;ESIMST-1;IMST-2;2334
B00-5;BILIMST-3;ALT10IMST-6;ESIMST-1;IMST-3;1424
B00-5;BILIMST-3;ALT10IMST-6;ESIMST-1;IMST-4;1230
B00-5;BILIMST-3;ALT10IMST-6;ESIMST-2;IMST-1;405
B00-5;BILIMST-3;ALT10IMST-6;ESIMST-2;IMST-2;123
B00-5;BILIMST-3;ALT10IMST-6;ESIMST-2;IMST-3;122
B00-5;BILIMST-3;ALT10IMST-6;ESIMST-2;IMST-4;216
B00-5;BILIMST-3;ALT10IMST-7;ESIMST-1;IMST-1;3609
B00-5;BILIMST-3;ALT10IMST-7;ESIMST-1;IMST-2;1530
B00-5;BILIMST-3;ALT10IMST-7;ESIMST-1;IMST-3;625
B00-5;BILIMST-3;ALT10IMST-7;ESIMST-1;IMST-4;804
B00-5;BILIMST-3;ALT10IMST-7;ESIMST-2;IMST-1;1500
B00-5;BILIMST-3;ALT10IMST-7;ESIMST-2;IMST-2;384
B00-5;BILIMST-3;ALT10IMST-7;ESIMST-2;IMST-3;165
B00-5;BILIMST-3;ALT10IMST-7;ESIMST-2;IMST-4;384
B00-5;BILIMST-4;ALT10IMST-4;ESIMST-1;IMST-1;4708
B00-5;BILIMST-4;ALT10IMST-4;ESIMST-1;IMST-2;3959
B00-5;BILIMST-4;ALT10IMST-4;ESIMST-1;IMST-3;2048
B00-5;BILIMST-4;ALT10IMST-4;ESIMST-1;IMST-4;1499
B00-5;BILIMST-4;ALT10IMST-4;ESIMST-2;IMST-1;937
B00-5;BILIMST-4;ALT10IMST-4;ESIMST-2;IMST-2;469
B00-5;BILIMST-4;ALT10IMST-4;ESIMST-2;IMST-3;555
B00-5;BILIMST-4;ALT10IMST-4;ESIMST-2;IMST-4;691
B00-5;BILIMST-4;ALT10IMST-5;ESIMST-1;IMST-1;5580
B00-5;BILIMST-4;ALT10IMST-5;ESIMST-1;IMST-2;4661
B00-5;BILIMST-4;ALT10IMST-5;ESIMST-1;IMST-3;2216
B00-5;BILIMST-4;ALT10IMST-5;ESIMST-1;IMST-4;1781
B00-5;BILIMST-4;ALT10IMST-5;ESIMST-2;IMST-1;788
B00-5;BILIMST-4;ALT10IMST-5;ESIMST-2;IMST-2;417
B00-5;BILIMST-4;ALT10IMST-5;ESIMST-2;IMST-3;401
B00-5;BILIMST-4;ALT10IMST-5;ESIMST-2;IMST-4;426
B00-5;BILIMST-4;ALT10IMST-6;ESIMST-1;IMST-1;5453
B00-5;BILIMST-4;ALT10IMST-6;ESIMST-1;IMST-2;3629
B00-5;BILIMST-4;ALT10IMST-6;ESIMST-1;IMST-3;1418
B00-5;BILIMST-4;ALT10IMST-6;ESIMST-1;IMST-4;1343
B00-5;BILIMST-4;ALT10IMST-6;ESIMST-2;IMST-1;394
B00-5;BILIMST-4;ALT10IMST-6;ESIMST-2;IMST-2;154
B00-5;BILIMST-4;ALT10IMST-6;ESIMST-2;IMST-3;118
B00-5;BILIMST-4;ALT10IMST-6;ESIMST-2;IMST-4;190
B00-5;BILIMST-4;ALT10IMST-7;ESIMST-1;IMST-1;5044
B00-5;BILIMST-4;ALT10IMST-7;ESIMST-1;IMST-2;2497
B00-5;BILIMST-4;ALT10IMST-7;ESIMST-1;IMST-3;682
B00-5;BILIMST-4;ALT10IMST-7;ESIMST-1;IMST-4;848
B00-5;BILIMST-4;ALT10IMST-7;ESIMST-2;IMST-1;1110
B00-5;BILIMST-4;ALT10IMST-7;ESIMST-2;IMST-2;284
B00-5;BILIMST-4;ALT10IMST-7;ESIMST-2;IMST-3;134
B00-5;BILIMST-4;ALT10IMST-7;ESIMST-2;IMST-4;312
B00-5;BILIMST-99;ALT10IMST-4;ESIMST-1;IMST-1;9
B00-5;BILIMST-99;ALT10IMST-4;ESIMST-1;IMST-2;3
B00-5;BILIMST-99;ALT10IMST-4;ESIMST-1;IMST-3;4
B00-5;BILIMST-99;ALT10IMST-4;ESIMST-1;IMST-4;11
B00-5;BILIMST-99;ALT10IMST-4;ESIMST-2;IMST-1;11
B00-5;BILIMST-99;ALT10IMST-4;ESIMST-2;IMST-3;3
B00-5;BILIMST-99;ALT10IMST-4;ESIMST-2;IMST-4;15
B00-5;BILIMST-99;ALT10IMST-5;ESIMST-1;IMST-1;4
B00-5;BILIMST-99;ALT10IMST-5;ESIMST-1;IMST-2;3
B00-5;BILIMST-99;ALT10IMST-5;ESIMST-1;IMST-3;3
B00-5;BILIMST-99;ALT10IMST-5;ESIMST-1;IMST-4;6
B00-5;BILIMST-99;ALT10IMST-5;ESIMST-2;IMST-1;6
B00-5;BILIMST-99;ALT10IMST-5;ESIMST-2;IMST-2;1
B00-5;BILIMST-99;ALT10IMST-5;ESIMST-2;IMST-3;1
B00-5;BILIMST-99;ALT10IMST-5;ESIMST-2;IMST-4;12
B00-5;BILIMST-99;ALT10IMST-6;ESIMST-1;IMST-1;3
B00-5;BILIMST-99;ALT10IMST-6;ESIMST-1;IMST-2;1
B00-5;BILIMST-99;ALT10IMST-6;ESIMST-1;IMST-3;3
B00-5;BILIMST-99;ALT10IMST-6;ESIMST-1;IMST-4;3
B00-5;BILIMST-99;ALT10IMST-6;ESIMST-2;IMST-1;8
B00-5;BILIMST-99;ALT10IMST-6;ESIMST-2;IMST-2;1
B00-5;BILIMST-99;ALT10IMST-6;ESIMST-2;IMST-4;5
B00-5;BILIMST-99;ALT10IMST-7;ESIMST-1;IMST-1;3
B00-5;BILIMST-99;ALT10IMST-7;ESIMST-1;IMST-2;1
B00-5;BILIMST-99;ALT10IMST-7;ESIMST-1;IMST-3;1
B00-5;BILIMST-99;ALT10IMST-7;ESIMST-1;IMST-4;1
B00-5;BILIMST-99;ALT10IMST-7;ESIMST-2;IMST-1;4
B00-5;BILIMST-99;ALT10IMST-7;ESIMST-2;IMST-2;1
B00-5;BILIMST-99;ALT10IMST-7;ESIMST-2;IMST-3;1
B00-5;BILIMST-99;ALT10IMST-7;ESIMST-2;IMST-4;4
B00-6;BILIMST-1;ALT10IMST-4;ESIMST-1;IMST-1;3949
B00-6;BILIMST-1;ALT10IMST-4;ESIMST-1;IMST-2;1438
B00-6;BILIMST-1;ALT10IMST-4;ESIMST-1;IMST-3;2877
B00-6;BILIMST-1;ALT10IMST-4;ESIMST-1;IMST-4;3311
B00-6;BILIMST-1;ALT10IMST-4;ESIMST-2;IMST-1;2688
B00-6;BILIMST-1;ALT10IMST-4;ESIMST-2;IMST-2;735
B00-6;BILIMST-1;ALT10IMST-4;ESIMST-2;IMST-3;1599
B00-6;BILIMST-1;ALT10IMST-4;ESIMST-2;IMST-4;2722
B00-6;BILIMST-1;ALT10IMST-5;ESIMST-1;IMST-1;5767
B00-6;BILIMST-1;ALT10IMST-5;ESIMST-1;IMST-2;2225
B00-6;BILIMST-1;ALT10IMST-5;ESIMST-1;IMST-3;3190
B00-6;BILIMST-1;ALT10IMST-5;ESIMST-1;IMST-4;3649
B00-6;BILIMST-1;ALT10IMST-5;ESIMST-2;IMST-1;2808
B00-6;BILIMST-1;ALT10IMST-5;ESIMST-2;IMST-2;719
B00-6;BILIMST-1;ALT10IMST-5;ESIMST-2;IMST-3;1257
B00-6;BILIMST-1;ALT10IMST-5;ESIMST-2;IMST-4;2290
B00-6;BILIMST-1;ALT10IMST-6;ESIMST-1;IMST-1;8056
B00-6;BILIMST-1;ALT10IMST-6;ESIMST-1;IMST-2;2568
B00-6;BILIMST-1;ALT10IMST-6;ESIMST-1;IMST-3;2702
B00-6;BILIMST-1;ALT10IMST-6;ESIMST-1;IMST-4;3424
B00-6;BILIMST-1;ALT10IMST-6;ESIMST-2;IMST-1;3985
B00-6;BILIMST-1;ALT10IMST-6;ESIMST-2;IMST-2;729
B00-6;BILIMST-1;ALT10IMST-6;ESIMST-2;IMST-3;875
B00-6;BILIMST-1;ALT10IMST-6;ESIMST-2;IMST-4;2045
B00-6;BILIMST-1;ALT10IMST-7;ESIMST-1;IMST-1;6950
B00-6;BILIMST-1;ALT10IMST-7;ESIMST-1;IMST-2;1864
B00-6;BILIMST-1;ALT10IMST-7;ESIMST-1;IMST-3;1425
B00-6;BILIMST-1;ALT10IMST-7;ESIMST-1;IMST-4;2051
B00-6;BILIMST-1;ALT10IMST-7;ESIMST-2;IMST-1;11400
B00-6;BILIMST-1;ALT10IMST-7;ESIMST-2;IMST-2;1799
B00-6;BILIMST-1;ALT10IMST-7;ESIMST-2;IMST-3;1419
B00-6;BILIMST-1;ALT10IMST-7;ESIMST-2;IMST-4;3401
B00-6;BILIMST-2;ALT10IMST-4;ESIMST-1;IMST-1;18993
B00-6;BILIMST-2;ALT10IMST-4;ESIMST-1;IMST-2;9300
B00-6;BILIMST-2;ALT10IMST-4;ESIMST-1;IMST-3;13637
B00-6;BILIMST-2;ALT10IMST-4;ESIMST-1;IMST-4;10592
B00-6;BILIMST-2;ALT10IMST-4;ESIMST-2;IMST-1;3856
B00-6;BILIMST-2;ALT10IMST-4;ESIMST-2;IMST-2;1340
B00-6;BILIMST-2;ALT10IMST-4;ESIMST-2;IMST-3;3001
B00-6;BILIMST-2;ALT10IMST-4;ESIMST-2;IMST-4;3189
B00-6;BILIMST-2;ALT10IMST-5;ESIMST-1;IMST-1;25012
B00-6;BILIMST-2;ALT10IMST-5;ESIMST-1;IMST-2;12728
B00-6;BILIMST-2;ALT10IMST-5;ESIMST-1;IMST-3;14302
B00-6;BILIMST-2;ALT10IMST-5;ESIMST-1;IMST-4;10675
B00-6;BILIMST-2;ALT10IMST-5;ESIMST-2;IMST-1;3552
B00-6;BILIMST-2;ALT10IMST-5;ESIMST-2;IMST-2;1141
B00-6;BILIMST-2;ALT10IMST-5;ESIMST-2;IMST-3;1912
B00-6;BILIMST-2;ALT10IMST-5;ESIMST-2;IMST-4;2472
B00-6;BILIMST-2;ALT10IMST-6;ESIMST-1;IMST-1;41974
B00-6;BILIMST-2;ALT10IMST-6;ESIMST-1;IMST-2;16924
B00-6;BILIMST-2;ALT10IMST-6;ESIMST-1;IMST-3;12933
B00-6;BILIMST-2;ALT10IMST-6;ESIMST-1;IMST-4;12040
B00-6;BILIMST-2;ALT10IMST-6;ESIMST-2;IMST-1;6736
B00-6;BILIMST-2;ALT10IMST-6;ESIMST-2;IMST-2;1365
B00-6;BILIMST-2;ALT10IMST-6;ESIMST-2;IMST-3;1744
B00-6;BILIMST-2;ALT10IMST-6;ESIMST-2;IMST-4;2886
B00-6;BILIMST-2;ALT10IMST-7;ESIMST-1;IMST-1;35994
B00-6;BILIMST-2;ALT10IMST-7;ESIMST-1;IMST-2;11831
B00-6;BILIMST-2;ALT10IMST-7;ESIMST-1;IMST-3;6528
B00-6;BILIMST-2;ALT10IMST-7;ESIMST-1;IMST-4;7728
B00-6;BILIMST-2;ALT10IMST-7;ESIMST-2;IMST-1;35118
B00-6;BILIMST-2;ALT10IMST-7;ESIMST-2;IMST-2;6577
B00-6;BILIMST-2;ALT10IMST-7;ESIMST-2;IMST-3;3965
B00-6;BILIMST-2;ALT10IMST-7;ESIMST-2;IMST-4;7659
B00-6;BILIMST-3;ALT10IMST-4;ESIMST-1;IMST-1;11781
B00-6;BILIMST-3;ALT10IMST-4;ESIMST-1;IMST-2;7526
B00-6;BILIMST-3;ALT10IMST-4;ESIMST-1;IMST-3;5429
B00-6;BILIMST-3;ALT10IMST-4;ESIMST-1;IMST-4;3852
B00-6;BILIMST-3;ALT10IMST-4;ESIMST-2;IMST-1;2885
B00-6;BILIMST-3;ALT10IMST-4;ESIMST-2;IMST-2;1199
B00-6;BILIMST-3;ALT10IMST-4;ESIMST-2;IMST-3;1320
B00-6;BILIMST-3;ALT10IMST-4;ESIMST-2;IMST-4;1629
B00-6;BILIMST-3;ALT10IMST-5;ESIMST-1;IMST-1;10354
B00-6;BILIMST-3;ALT10IMST-5;ESIMST-1;IMST-2;6574
B00-6;BILIMST-3;ALT10IMST-5;ESIMST-1;IMST-3;4580
B00-6;BILIMST-3;ALT10IMST-5;ESIMST-1;IMST-4;3235
B00-6;BILIMST-3;ALT10IMST-5;ESIMST-2;IMST-1;1440
B00-6;BILIMST-3;ALT10IMST-5;ESIMST-2;IMST-2;536
B00-6;BILIMST-3;ALT10IMST-5;ESIMST-2;IMST-3;727
B00-6;BILIMST-3;ALT10IMST-5;ESIMST-2;IMST-4;840
B00-6;BILIMST-3;ALT10IMST-6;ESIMST-1;IMST-1;11248
B00-6;BILIMST-3;ALT10IMST-6;ESIMST-1;IMST-2;5605
B00-6;BILIMST-3;ALT10IMST-6;ESIMST-1;IMST-3;2820
B00-6;BILIMST-3;ALT10IMST-6;ESIMST-1;IMST-4;2450
B00-6;BILIMST-3;ALT10IMST-6;ESIMST-2;IMST-1;1340
B00-6;BILIMST-3;ALT10IMST-6;ESIMST-2;IMST-2;286
B00-6;BILIMST-3;ALT10IMST-6;ESIMST-2;IMST-3;365
B00-6;BILIMST-3;ALT10IMST-6;ESIMST-2;IMST-4;666
B00-6;BILIMST-3;ALT10IMST-7;ESIMST-1;IMST-1;8261
B00-6;BILIMST-3;ALT10IMST-7;ESIMST-1;IMST-2;3014
B00-6;BILIMST-3;ALT10IMST-7;ESIMST-1;IMST-3;1174
B00-6;BILIMST-3;ALT10IMST-7;ESIMST-1;IMST-4;1424
B00-6;BILIMST-3;ALT10IMST-7;ESIMST-2;IMST-1;4068
B00-6;BILIMST-3;ALT10IMST-7;ESIMST-2;IMST-2;781
B00-6;BILIMST-3;ALT10IMST-7;ESIMST-2;IMST-3;433
B00-6;BILIMST-3;ALT10IMST-7;ESIMST-2;IMST-4;952
B00-6;BILIMST-4;ALT10IMST-4;ESIMST-1;IMST-1;12933
B00-6;BILIMST-4;ALT10IMST-4;ESIMST-1;IMST-2;10405
B00-6;BILIMST-4;ALT10IMST-4;ESIMST-1;IMST-3;3779
B00-6;BILIMST-4;ALT10IMST-4;ESIMST-1;IMST-4;2651
B00-6;BILIMST-4;ALT10IMST-4;ESIMST-2;IMST-1;2646
B00-6;BILIMST-4;ALT10IMST-4;ESIMST-2;IMST-2;1196
B00-6;BILIMST-4;ALT10IMST-4;ESIMST-2;IMST-3;921
B00-6;BILIMST-4;ALT10IMST-4;ESIMST-2;IMST-4;1223
B00-6;BILIMST-4;ALT10IMST-5;ESIMST-1;IMST-1;13735
B00-6;BILIMST-4;ALT10IMST-5;ESIMST-1;IMST-2;10394
B00-6;BILIMST-4;ALT10IMST-5;ESIMST-1;IMST-3;3953
B00-6;BILIMST-4;ALT10IMST-5;ESIMST-1;IMST-4;2744
B00-6;BILIMST-4;ALT10IMST-5;ESIMST-2;IMST-1;1801
B00-6;BILIMST-4;ALT10IMST-5;ESIMST-2;IMST-2;827
B00-6;BILIMST-4;ALT10IMST-5;ESIMST-2;IMST-3;718
B00-6;BILIMST-4;ALT10IMST-5;ESIMST-2;IMST-4;857
B00-6;BILIMST-4;ALT10IMST-6;ESIMST-1;IMST-1;12967
B00-6;BILIMST-4;ALT10IMST-6;ESIMST-1;IMST-2;7375
B00-6;BILIMST-4;ALT10IMST-6;ESIMST-1;IMST-3;2421
B00-6;BILIMST-4;ALT10IMST-6;ESIMST-1;IMST-4;2190
B00-6;BILIMST-4;ALT10IMST-6;ESIMST-2;IMST-1;974
B00-6;BILIMST-4;ALT10IMST-6;ESIMST-2;IMST-2;244
B00-6;BILIMST-4;ALT10IMST-6;ESIMST-2;IMST-3;235
B00-6;BILIMST-4;ALT10IMST-6;ESIMST-2;IMST-4;470
B00-6;BILIMST-4;ALT10IMST-7;ESIMST-1;IMST-1;11083
B00-6;BILIMST-4;ALT10IMST-7;ESIMST-1;IMST-2;4663
B00-6;BILIMST-4;ALT10IMST-7;ESIMST-1;IMST-3;1114
B00-6;BILIMST-4;ALT10IMST-7;ESIMST-1;IMST-4;1337
B00-6;BILIMST-4;ALT10IMST-7;ESIMST-2;IMST-1;3126
B00-6;BILIMST-4;ALT10IMST-7;ESIMST-2;IMST-2;714
B00-6;BILIMST-4;ALT10IMST-7;ESIMST-2;IMST-3;313
B00-6;BILIMST-4;ALT10IMST-7;ESIMST-2;IMST-4;668
B00-6;BILIMST-99;ALT10IMST-4;ESIMST-1;IMST-1;8
B00-6;BILIMST-99;ALT10IMST-4;ESIMST-1;IMST-2;1
B00-6;BILIMST-99;ALT10IMST-4;ESIMST-1;IMST-3;9
B00-6;BILIMST-99;ALT10IMST-4;ESIMST-1;IMST-4;14
B00-6;BILIMST-99;ALT10IMST-4;ESIMST-2;IMST-1;29
B00-6;BILIMST-99;ALT10IMST-4;ESIMST-2;IMST-2;3
B00-6;BILIMST-99;ALT10IMST-4;ESIMST-2;IMST-3;11
B00-6;BILIMST-99;ALT10IMST-4;ESIMST-2;IMST-4;32
B00-6;BILIMST-99;ALT10IMST-5;ESIMST-1;IMST-1;8
B00-6;BILIMST-99;ALT10IMST-5;ESIMST-1;IMST-2;1
B00-6;BILIMST-99;ALT10IMST-5;ESIMST-1;IMST-3;5
B00-6;BILIMST-99;ALT10IMST-5;ESIMST-1;IMST-4;8
B00-6;BILIMST-99;ALT10IMST-5;ESIMST-2;IMST-1;17
B00-6;BILIMST-99;ALT10IMST-5;ESIMST-2;IMST-2;3
B00-6;BILIMST-99;ALT10IMST-5;ESIMST-2;IMST-3;3
B00-6;BILIMST-99;ALT10IMST-5;ESIMST-2;IMST-4;15
B00-6;BILIMST-99;ALT10IMST-6;ESIMST-1;IMST-1;9
B00-6;BILIMST-99;ALT10IMST-6;ESIMST-1;IMST-2;1
B00-6;BILIMST-99;ALT10IMST-6;ESIMST-1;IMST-4;9
B00-6;BILIMST-99;ALT10IMST-6;ESIMST-2;IMST-1;12
B00-6;BILIMST-99;ALT10IMST-6;ESIMST-2;IMST-3;3
B00-6;BILIMST-99;ALT10IMST-6;ESIMST-2;IMST-4;13
B00-6;BILIMST-99;ALT10IMST-7;ESIMST-1;IMST-1;3
B00-6;BILIMST-99;ALT10IMST-7;ESIMST-1;IMST-2;1
B00-6;BILIMST-99;ALT10IMST-7;ESIMST-1;IMST-4;3
B00-6;BILIMST-99;ALT10IMST-7;ESIMST-2;IMST-1;8
B00-6;BILIMST-99;ALT10IMST-7;ESIMST-2;IMST-2;1
B00-6;BILIMST-99;ALT10IMST-7;ESIMST-2;IMST-4;7
B00-7;BILIMST-1;ALT10IMST-4;ESIMST-1;IMST-1;3381
B00-7;BILIMST-1;ALT10IMST-4;ESIMST-1;IMST-2;1334
B00-7;BILIMST-1;ALT10IMST-4;ESIMST-1;IMST-3;2358
B00-7;BILIMST-1;ALT10IMST-4;ESIMST-1;IMST-4;2603
B00-7;BILIMST-1;ALT10IMST-4;ESIMST-2;IMST-1;1321
B00-7;BILIMST-1;ALT10IMST-4;ESIMST-2;IMST-2;372
B00-7;BILIMST-1;ALT10IMST-4;ESIMST-2;IMST-3;834
B00-7;BILIMST-1;ALT10IMST-4;ESIMST-2;IMST-4;1369
B00-7;BILIMST-1;ALT10IMST-5;ESIMST-1;IMST-1;4516
B00-7;BILIMST-1;ALT10IMST-5;ESIMST-1;IMST-2;1807
B00-7;BILIMST-1;ALT10IMST-5;ESIMST-1;IMST-3;2357
B00-7;BILIMST-1;ALT10IMST-5;ESIMST-1;IMST-4;2503
B00-7;BILIMST-1;ALT10IMST-5;ESIMST-2;IMST-1;1346
B00-7;BILIMST-1;ALT10IMST-5;ESIMST-2;IMST-2;382
B00-7;BILIMST-1;ALT10IMST-5;ESIMST-2;IMST-3;665
B00-7;BILIMST-1;ALT10IMST-5;ESIMST-2;IMST-4;1036
B00-7;BILIMST-1;ALT10IMST-6;ESIMST-1;IMST-1;6684
B00-7;BILIMST-1;ALT10IMST-6;ESIMST-1;IMST-2;2213
B00-7;BILIMST-1;ALT10IMST-6;ESIMST-1;IMST-3;2125
B00-7;BILIMST-1;ALT10IMST-6;ESIMST-1;IMST-4;2492
B00-7;BILIMST-1;ALT10IMST-6;ESIMST-2;IMST-1;1878
B00-7;BILIMST-1;ALT10IMST-6;ESIMST-2;IMST-2;421
B00-7;BILIMST-1;ALT10IMST-6;ESIMST-2;IMST-3;487
B00-7;BILIMST-1;ALT10IMST-6;ESIMST-2;IMST-4;992
B00-7;BILIMST-1;ALT10IMST-7;ESIMST-1;IMST-1;6048
B00-7;BILIMST-1;ALT10IMST-7;ESIMST-1;IMST-2;1676
B00-7;BILIMST-1;ALT10IMST-7;ESIMST-1;IMST-3;1203
B00-7;BILIMST-1;ALT10IMST-7;ESIMST-1;IMST-4;1831
B00-7;BILIMST-1;ALT10IMST-7;ESIMST-2;IMST-1;6548
B00-7;BILIMST-1;ALT10IMST-7;ESIMST-2;IMST-2;1215
B00-7;BILIMST-1;ALT10IMST-7;ESIMST-2;IMST-3;931
B00-7;BILIMST-1;ALT10IMST-7;ESIMST-2;IMST-4;2082
B00-7;BILIMST-2;ALT10IMST-4;ESIMST-1;IMST-1;13239
B00-7;BILIMST-2;ALT10IMST-4;ESIMST-1;IMST-2;6606
B00-7;BILIMST-2;ALT10IMST-4;ESIMST-1;IMST-3;9116
B00-7;BILIMST-2;ALT10IMST-4;ESIMST-1;IMST-4;7373
B00-7;BILIMST-2;ALT10IMST-4;ESIMST-2;IMST-1;2279
B00-7;BILIMST-2;ALT10IMST-4;ESIMST-2;IMST-2;834
B00-7;BILIMST-2;ALT10IMST-4;ESIMST-2;IMST-3;2118
B00-7;BILIMST-2;ALT10IMST-4;ESIMST-2;IMST-4;2006
B00-7;BILIMST-2;ALT10IMST-5;ESIMST-1;IMST-1;16285
B00-7;BILIMST-2;ALT10IMST-5;ESIMST-1;IMST-2;8886
B00-7;BILIMST-2;ALT10IMST-5;ESIMST-1;IMST-3;8995
B00-7;BILIMST-2;ALT10IMST-5;ESIMST-1;IMST-4;7130
B00-7;BILIMST-2;ALT10IMST-5;ESIMST-2;IMST-1;2078
B00-7;BILIMST-2;ALT10IMST-5;ESIMST-2;IMST-2;851
B00-7;BILIMST-2;ALT10IMST-5;ESIMST-2;IMST-3;1287
B00-7;BILIMST-2;ALT10IMST-5;ESIMST-2;IMST-4;1478
B00-7;BILIMST-2;ALT10IMST-6;ESIMST-1;IMST-1;25183
B00-7;BILIMST-2;ALT10IMST-6;ESIMST-1;IMST-2;10503
B00-7;BILIMST-2;ALT10IMST-6;ESIMST-1;IMST-3;7732
B00-7;BILIMST-2;ALT10IMST-6;ESIMST-1;IMST-4;7352
B00-7;BILIMST-2;ALT10IMST-6;ESIMST-2;IMST-1;2922
B00-7;BILIMST-2;ALT10IMST-6;ESIMST-2;IMST-2;713
B00-7;BILIMST-2;ALT10IMST-6;ESIMST-2;IMST-3;852
B00-7;BILIMST-2;ALT10IMST-6;ESIMST-2;IMST-4;1373
B00-7;BILIMST-2;ALT10IMST-7;ESIMST-1;IMST-1;23019
B00-7;BILIMST-2;ALT10IMST-7;ESIMST-1;IMST-2;7668
B00-7;BILIMST-2;ALT10IMST-7;ESIMST-1;IMST-3;4161
B00-7;BILIMST-2;ALT10IMST-7;ESIMST-1;IMST-4;5349
B00-7;BILIMST-2;ALT10IMST-7;ESIMST-2;IMST-1;14677
B00-7;BILIMST-2;ALT10IMST-7;ESIMST-2;IMST-2;3180
B00-7;BILIMST-2;ALT10IMST-7;ESIMST-2;IMST-3;1813
B00-7;BILIMST-2;ALT10IMST-7;ESIMST-2;IMST-4;3490
B00-7;BILIMST-3;ALT10IMST-4;ESIMST-1;IMST-1;6290
B00-7;BILIMST-3;ALT10IMST-4;ESIMST-1;IMST-2;4212
B00-7;BILIMST-3;ALT10IMST-4;ESIMST-1;IMST-3;3090
B00-7;BILIMST-3;ALT10IMST-4;ESIMST-1;IMST-4;2284
B00-7;BILIMST-3;ALT10IMST-4;ESIMST-2;IMST-1;1501
B00-7;BILIMST-3;ALT10IMST-4;ESIMST-2;IMST-2;676
B00-7;BILIMST-3;ALT10IMST-4;ESIMST-2;IMST-3;780
B00-7;BILIMST-3;ALT10IMST-4;ESIMST-2;IMST-4;1038
B00-7;BILIMST-3;ALT10IMST-5;ESIMST-1;IMST-1;5332
B00-7;BILIMST-3;ALT10IMST-5;ESIMST-1;IMST-2;3514
B00-7;BILIMST-3;ALT10IMST-5;ESIMST-1;IMST-3;2310
B00-7;BILIMST-3;ALT10IMST-5;ESIMST-1;IMST-4;1785
B00-7;BILIMST-3;ALT10IMST-5;ESIMST-2;IMST-1;707
B00-7;BILIMST-3;ALT10IMST-5;ESIMST-2;IMST-2;348
B00-7;BILIMST-3;ALT10IMST-5;ESIMST-2;IMST-3;413
B00-7;BILIMST-3;ALT10IMST-5;ESIMST-2;IMST-4;469
B00-7;BILIMST-3;ALT10IMST-6;ESIMST-1;IMST-1;5892
B00-7;BILIMST-3;ALT10IMST-6;ESIMST-1;IMST-2;3012
B00-7;BILIMST-3;ALT10IMST-6;ESIMST-1;IMST-3;1579
B00-7;BILIMST-3;ALT10IMST-6;ESIMST-1;IMST-4;1443
B00-7;BILIMST-3;ALT10IMST-6;ESIMST-2;IMST-1;588
B00-7;BILIMST-3;ALT10IMST-6;ESIMST-2;IMST-2;172
B00-7;BILIMST-3;ALT10IMST-6;ESIMST-2;IMST-3;131
B00-7;BILIMST-3;ALT10IMST-6;ESIMST-2;IMST-4;273
B00-7;BILIMST-3;ALT10IMST-7;ESIMST-1;IMST-1;4651
B00-7;BILIMST-3;ALT10IMST-7;ESIMST-1;IMST-2;1763
B00-7;BILIMST-3;ALT10IMST-7;ESIMST-1;IMST-3;663
B00-7;BILIMST-3;ALT10IMST-7;ESIMST-1;IMST-4;891
B00-7;BILIMST-3;ALT10IMST-7;ESIMST-2;IMST-1;1799
B00-7;BILIMST-3;ALT10IMST-7;ESIMST-2;IMST-2;465
B00-7;BILIMST-3;ALT10IMST-7;ESIMST-2;IMST-3;201
B00-7;BILIMST-3;ALT10IMST-7;ESIMST-2;IMST-4;446
B00-7;BILIMST-4;ALT10IMST-4;ESIMST-1;IMST-1;7336
B00-7;BILIMST-4;ALT10IMST-4;ESIMST-1;IMST-2;5947
B00-7;BILIMST-4;ALT10IMST-4;ESIMST-1;IMST-3;2417
B00-7;BILIMST-4;ALT10IMST-4;ESIMST-1;IMST-4;1702
B00-7;BILIMST-4;ALT10IMST-4;ESIMST-2;IMST-1;1534
B00-7;BILIMST-4;ALT10IMST-4;ESIMST-2;IMST-2;741
B00-7;BILIMST-4;ALT10IMST-4;ESIMST-2;IMST-3;691
B00-7;BILIMST-4;ALT10IMST-4;ESIMST-2;IMST-4;1061
B00-7;BILIMST-4;ALT10IMST-5;ESIMST-1;IMST-1;7690
B00-7;BILIMST-4;ALT10IMST-5;ESIMST-1;IMST-2;5986
B00-7;BILIMST-4;ALT10IMST-5;ESIMST-1;IMST-3;2336
B00-7;BILIMST-4;ALT10IMST-5;ESIMST-1;IMST-4;1889
B00-7;BILIMST-4;ALT10IMST-5;ESIMST-2;IMST-1;1072
B00-7;BILIMST-4;ALT10IMST-5;ESIMST-2;IMST-2;557
B00-7;BILIMST-4;ALT10IMST-5;ESIMST-2;IMST-3;486
B00-7;BILIMST-4;ALT10IMST-5;ESIMST-2;IMST-4;498
B00-7;BILIMST-4;ALT10IMST-6;ESIMST-1;IMST-1;7520
B00-7;BILIMST-4;ALT10IMST-6;ESIMST-1;IMST-2;4677
B00-7;BILIMST-4;ALT10IMST-6;ESIMST-1;IMST-3;1646
B00-7;BILIMST-4;ALT10IMST-6;ESIMST-1;IMST-4;1586
B00-7;BILIMST-4;ALT10IMST-6;ESIMST-2;IMST-1;526
B00-7;BILIMST-4;ALT10IMST-6;ESIMST-2;IMST-2;177
B00-7;BILIMST-4;ALT10IMST-6;ESIMST-2;IMST-3;142
B00-7;BILIMST-4;ALT10IMST-6;ESIMST-2;IMST-4;283
B00-7;BILIMST-4;ALT10IMST-7;ESIMST-1;IMST-1;6715
B00-7;BILIMST-4;ALT10IMST-7;ESIMST-1;IMST-2;2895
B00-7;BILIMST-4;ALT10IMST-7;ESIMST-1;IMST-3;766
B00-7;BILIMST-4;ALT10IMST-7;ESIMST-1;IMST-4;968
B00-7;BILIMST-4;ALT10IMST-7;ESIMST-2;IMST-1;1396
B00-7;BILIMST-4;ALT10IMST-7;ESIMST-2;IMST-2;314
B00-7;BILIMST-4;ALT10IMST-7;ESIMST-2;IMST-3;100
B00-7;BILIMST-4;ALT10IMST-7;ESIMST-2;IMST-4;350
B00-7;BILIMST-99;ALT10IMST-4;ESIMST-1;IMST-1;20
B00-7;BILIMST-99;ALT10IMST-4;ESIMST-1;IMST-2;7
B00-7;BILIMST-99;ALT10IMST-4;ESIMST-1;IMST-3;12
B00-7;BILIMST-99;ALT10IMST-4;ESIMST-1;IMST-4;19
B00-7;BILIMST-99;ALT10IMST-4;ESIMST-2;IMST-1;12
B00-7;BILIMST-99;ALT10IMST-4;ESIMST-2;IMST-2;2
B00-7;BILIMST-99;ALT10IMST-4;ESIMST-2;IMST-3;10
B00-7;BILIMST-99;ALT10IMST-4;ESIMST-2;IMST-4;20
B00-7;BILIMST-99;ALT10IMST-5;ESIMST-1;IMST-1;9
B00-7;BILIMST-99;ALT10IMST-5;ESIMST-1;IMST-2;2
B00-7;BILIMST-99;ALT10IMST-5;ESIMST-1;IMST-3;8
B00-7;BILIMST-99;ALT10IMST-5;ESIMST-1;IMST-4;7
B00-7;BILIMST-99;ALT10IMST-5;ESIMST-2;IMST-1;3
B00-7;BILIMST-99;ALT10IMST-5;ESIMST-2;IMST-2;2
B00-7;BILIMST-99;ALT10IMST-5;ESIMST-2;IMST-3;3
B00-7;BILIMST-99;ALT10IMST-5;ESIMST-2;IMST-4;6
B00-7;BILIMST-99;ALT10IMST-6;ESIMST-1;IMST-1;6
B00-7;BILIMST-99;ALT10IMST-6;ESIMST-1;IMST-3;1
B00-7;BILIMST-99;ALT10IMST-6;ESIMST-1;IMST-4;3
B00-7;BILIMST-99;ALT10IMST-6;ESIMST-2;IMST-1;12
B00-7;BILIMST-99;ALT10IMST-6;ESIMST-2;IMST-2;2
B00-7;BILIMST-99;ALT10IMST-6;ESIMST-2;IMST-3;1
B00-7;BILIMST-99;ALT10IMST-6;ESIMST-2;IMST-4;6
B00-7;BILIMST-99;ALT10IMST-7;ESIMST-1;IMST-1;2
B00-7;BILIMST-99;ALT10IMST-7;ESIMST-1;IMST-2;2
B00-7;BILIMST-99;ALT10IMST-7;ESIMST-1;IMST-4;5
B00-7;BILIMST-99;ALT10IMST-7;ESIMST-2;IMST-1;9
B00-7;BILIMST-99;ALT10IMST-7;ESIMST-2;IMST-3;3
B00-7;BILIMST-99;ALT10IMST-7;ESIMST-2;IMST-4;5
B00-8;BILIMST-1;ALT10IMST-4;ESIMST-1;IMST-1;1851
B00-8;BILIMST-1;ALT10IMST-4;ESIMST-1;IMST-2;831
B00-8;BILIMST-1;ALT10IMST-4;ESIMST-1;IMST-3;1320
B00-8;BILIMST-1;ALT10IMST-4;ESIMST-1;IMST-4;1525
B00-8;BILIMST-1;ALT10IMST-4;ESIMST-2;IMST-1;757
B00-8;BILIMST-1;ALT10IMST-4;ESIMST-2;IMST-2;252
B00-8;BILIMST-1;ALT10IMST-4;ESIMST-2;IMST-3;644
B00-8;BILIMST-1;ALT10IMST-4;ESIMST-2;IMST-4;973
B00-8;BILIMST-1;ALT10IMST-5;ESIMST-1;IMST-1;2700
B00-8;BILIMST-1;ALT10IMST-5;ESIMST-1;IMST-2;1245
B00-8;BILIMST-1;ALT10IMST-5;ESIMST-1;IMST-3;1558
B00-8;BILIMST-1;ALT10IMST-5;ESIMST-1;IMST-4;1565
B00-8;BILIMST-1;ALT10IMST-5;ESIMST-2;IMST-1;874
B00-8;BILIMST-1;ALT10IMST-5;ESIMST-2;IMST-2;301
B00-8;BILIMST-1;ALT10IMST-5;ESIMST-2;IMST-3;572
B00-8;BILIMST-1;ALT10IMST-5;ESIMST-2;IMST-4;786
B00-8;BILIMST-1;ALT10IMST-6;ESIMST-1;IMST-1;3863
B00-8;BILIMST-1;ALT10IMST-6;ESIMST-1;IMST-2;1434
B00-8;BILIMST-1;ALT10IMST-6;ESIMST-1;IMST-3;1342
B00-8;BILIMST-1;ALT10IMST-6;ESIMST-1;IMST-4;1556
B00-8;BILIMST-1;ALT10IMST-6;ESIMST-2;IMST-1;1330
B00-8;BILIMST-1;ALT10IMST-6;ESIMST-2;IMST-2;282
B00-8;BILIMST-1;ALT10IMST-6;ESIMST-2;IMST-3;390
B00-8;BILIMST-1;ALT10IMST-6;ESIMST-2;IMST-4;751
B00-8;BILIMST-1;ALT10IMST-7;ESIMST-1;IMST-1;3111
B00-8;BILIMST-1;ALT10IMST-7;ESIMST-1;IMST-2;971
B00-8;BILIMST-1;ALT10IMST-7;ESIMST-1;IMST-3;625
B00-8;BILIMST-1;ALT10IMST-7;ESIMST-1;IMST-4;994
B00-8;BILIMST-1;ALT10IMST-7;ESIMST-2;IMST-1;3651
B00-8;BILIMST-1;ALT10IMST-7;ESIMST-2;IMST-2;707
B00-8;BILIMST-1;ALT10IMST-7;ESIMST-2;IMST-3;492
B00-8;BILIMST-1;ALT10IMST-7;ESIMST-2;IMST-4;1463
B00-8;BILIMST-2;ALT10IMST-4;ESIMST-1;IMST-1;6210
B00-8;BILIMST-2;ALT10IMST-4;ESIMST-1;IMST-2;3767
B00-8;BILIMST-2;ALT10IMST-4;ESIMST-1;IMST-3;4825
B00-8;BILIMST-2;ALT10IMST-4;ESIMST-1;IMST-4;3942
B00-8;BILIMST-2;ALT10IMST-4;ESIMST-2;IMST-1;1052
B00-8;BILIMST-2;ALT10IMST-4;ESIMST-2;IMST-2;493
B00-8;BILIMST-2;ALT10IMST-4;ESIMST-2;IMST-3;1100
B00-8;BILIMST-2;ALT10IMST-4;ESIMST-2;IMST-4;1174
B00-8;BILIMST-2;ALT10IMST-5;ESIMST-1;IMST-1;7834
B00-8;BILIMST-2;ALT10IMST-5;ESIMST-1;IMST-2;4812
B00-8;BILIMST-2;ALT10IMST-5;ESIMST-1;IMST-3;4716
B00-8;BILIMST-2;ALT10IMST-5;ESIMST-1;IMST-4;3767
B00-8;BILIMST-2;ALT10IMST-5;ESIMST-2;IMST-1;1026
B00-8;BILIMST-2;ALT10IMST-5;ESIMST-2;IMST-2;475
B00-8;BILIMST-2;ALT10IMST-5;ESIMST-2;IMST-3;735
B00-8;BILIMST-2;ALT10IMST-5;ESIMST-2;IMST-4;845
B00-8;BILIMST-2;ALT10IMST-6;ESIMST-1;IMST-1;12224
B00-8;BILIMST-2;ALT10IMST-6;ESIMST-1;IMST-2;5893
B00-8;BILIMST-2;ALT10IMST-6;ESIMST-1;IMST-3;3904
B00-8;BILIMST-2;ALT10IMST-6;ESIMST-1;IMST-4;4015
B00-8;BILIMST-2;ALT10IMST-6;ESIMST-2;IMST-1;1452
B00-8;BILIMST-2;ALT10IMST-6;ESIMST-2;IMST-2;385
B00-8;BILIMST-2;ALT10IMST-6;ESIMST-2;IMST-3;445
B00-8;BILIMST-2;ALT10IMST-6;ESIMST-2;IMST-4;790
B00-8;BILIMST-2;ALT10IMST-7;ESIMST-1;IMST-1;11471
B00-8;BILIMST-2;ALT10IMST-7;ESIMST-1;IMST-2;4413
B00-8;BILIMST-2;ALT10IMST-7;ESIMST-1;IMST-3;2073
B00-8;BILIMST-2;ALT10IMST-7;ESIMST-1;IMST-4;2648
B00-8;BILIMST-2;ALT10IMST-7;ESIMST-2;IMST-1;6750
B00-8;BILIMST-2;ALT10IMST-7;ESIMST-2;IMST-2;1475
B00-8;BILIMST-2;ALT10IMST-7;ESIMST-2;IMST-3;893
B00-8;BILIMST-2;ALT10IMST-7;ESIMST-2;IMST-4;1900
B00-8;BILIMST-3;ALT10IMST-4;ESIMST-1;IMST-1;2711
B00-8;BILIMST-3;ALT10IMST-4;ESIMST-1;IMST-2;2174
B00-8;BILIMST-3;ALT10IMST-4;ESIMST-1;IMST-3;1375
B00-8;BILIMST-3;ALT10IMST-4;ESIMST-1;IMST-4;993
B00-8;BILIMST-3;ALT10IMST-4;ESIMST-2;IMST-1;677
B00-8;BILIMST-3;ALT10IMST-4;ESIMST-2;IMST-2;354
B00-8;BILIMST-3;ALT10IMST-4;ESIMST-2;IMST-3;414
B00-8;BILIMST-3;ALT10IMST-4;ESIMST-2;IMST-4;429
B00-8;BILIMST-3;ALT10IMST-5;ESIMST-1;IMST-1;2608
B00-8;BILIMST-3;ALT10IMST-5;ESIMST-1;IMST-2;1991
B00-8;BILIMST-3;ALT10IMST-5;ESIMST-1;IMST-3;1180
B00-8;BILIMST-3;ALT10IMST-5;ESIMST-1;IMST-4;933
B00-8;BILIMST-3;ALT10IMST-5;ESIMST-2;IMST-1;405
B00-8;BILIMST-3;ALT10IMST-5;ESIMST-2;IMST-2;219
B00-8;BILIMST-3;ALT10IMST-5;ESIMST-2;IMST-3;262
B00-8;BILIMST-3;ALT10IMST-5;ESIMST-2;IMST-4;286
B00-8;BILIMST-3;ALT10IMST-6;ESIMST-1;IMST-1;2793
B00-8;BILIMST-3;ALT10IMST-6;ESIMST-1;IMST-2;1625
B00-8;BILIMST-3;ALT10IMST-6;ESIMST-1;IMST-3;785
B00-8;BILIMST-3;ALT10IMST-6;ESIMST-1;IMST-4;746
B00-8;BILIMST-3;ALT10IMST-6;ESIMST-2;IMST-1;318
B00-8;BILIMST-3;ALT10IMST-6;ESIMST-2;IMST-2;98
B00-8;BILIMST-3;ALT10IMST-6;ESIMST-2;IMST-3;102
B00-8;BILIMST-3;ALT10IMST-6;ESIMST-2;IMST-4;146
B00-8;BILIMST-3;ALT10IMST-7;ESIMST-1;IMST-1;2277
B00-8;BILIMST-3;ALT10IMST-7;ESIMST-1;IMST-2;955
B00-8;BILIMST-3;ALT10IMST-7;ESIMST-1;IMST-3;343
B00-8;BILIMST-3;ALT10IMST-7;ESIMST-1;IMST-4;431
B00-8;BILIMST-3;ALT10IMST-7;ESIMST-2;IMST-1;886
B00-8;BILIMST-3;ALT10IMST-7;ESIMST-2;IMST-2;231
B00-8;BILIMST-3;ALT10IMST-7;ESIMST-2;IMST-3;94
B00-8;BILIMST-3;ALT10IMST-7;ESIMST-2;IMST-4;232
B00-8;BILIMST-4;ALT10IMST-4;ESIMST-1;IMST-1;2657
B00-8;BILIMST-4;ALT10IMST-4;ESIMST-1;IMST-2;2344
B00-8;BILIMST-4;ALT10IMST-4;ESIMST-1;IMST-3;848
B00-8;BILIMST-4;ALT10IMST-4;ESIMST-1;IMST-4;580
B00-8;BILIMST-4;ALT10IMST-4;ESIMST-2;IMST-1;651
B00-8;BILIMST-4;ALT10IMST-4;ESIMST-2;IMST-2;344
B00-8;BILIMST-4;ALT10IMST-4;ESIMST-2;IMST-3;265
B00-8;BILIMST-4;ALT10IMST-4;ESIMST-2;IMST-4;319
B00-8;BILIMST-4;ALT10IMST-5;ESIMST-1;IMST-1;3386
B00-8;BILIMST-4;ALT10IMST-5;ESIMST-1;IMST-2;2877
B00-8;BILIMST-4;ALT10IMST-5;ESIMST-1;IMST-3;1103
B00-8;BILIMST-4;ALT10IMST-5;ESIMST-1;IMST-4;878
B00-8;BILIMST-4;ALT10IMST-5;ESIMST-2;IMST-1;562
B00-8;BILIMST-4;ALT10IMST-5;ESIMST-2;IMST-2;282
B00-8;BILIMST-4;ALT10IMST-5;ESIMST-2;IMST-3;283
B00-8;BILIMST-4;ALT10IMST-5;ESIMST-2;IMST-4;288
B00-8;BILIMST-4;ALT10IMST-6;ESIMST-1;IMST-1;3624
B00-8;BILIMST-4;ALT10IMST-6;ESIMST-1;IMST-2;2364
B00-8;BILIMST-4;ALT10IMST-6;ESIMST-1;IMST-3;742
B00-8;BILIMST-4;ALT10IMST-6;ESIMST-1;IMST-4;707
B00-8;BILIMST-4;ALT10IMST-6;ESIMST-2;IMST-1;301
B00-8;BILIMST-4;ALT10IMST-6;ESIMST-2;IMST-2;113
B00-8;BILIMST-4;ALT10IMST-6;ESIMST-2;IMST-3;99
B00-8;BILIMST-4;ALT10IMST-6;ESIMST-2;IMST-4;134
B00-8;BILIMST-4;ALT10IMST-7;ESIMST-1;IMST-1;3168
B00-8;BILIMST-4;ALT10IMST-7;ESIMST-1;IMST-2;1593
B00-8;BILIMST-4;ALT10IMST-7;ESIMST-1;IMST-3;350
B00-8;BILIMST-4;ALT10IMST-7;ESIMST-1;IMST-4;446
B00-8;BILIMST-4;ALT10IMST-7;ESIMST-2;IMST-1;766
B00-8;BILIMST-4;ALT10IMST-7;ESIMST-2;IMST-2;228
B00-8;BILIMST-4;ALT10IMST-7;ESIMST-2;IMST-3;58
B00-8;BILIMST-4;ALT10IMST-7;ESIMST-2;IMST-4;202
B00-8;BILIMST-99;ALT10IMST-4;ESIMST-1;IMST-1;7
B00-8;BILIMST-99;ALT10IMST-4;ESIMST-1;IMST-2;4
B00-8;BILIMST-99;ALT10IMST-4;ESIMST-1;IMST-3;4
B00-8;BILIMST-99;ALT10IMST-4;ESIMST-1;IMST-4;9
B00-8;BILIMST-99;ALT10IMST-4;ESIMST-2;IMST-1;17
B00-8;BILIMST-99;ALT10IMST-4;ESIMST-2;IMST-2;5
B00-8;BILIMST-99;ALT10IMST-4;ESIMST-2;IMST-3;5
B00-8;BILIMST-99;ALT10IMST-4;ESIMST-2;IMST-4;16
B00-8;BILIMST-99;ALT10IMST-5;ESIMST-1;IMST-1;7
B00-8;BILIMST-99;ALT10IMST-5;ESIMST-1;IMST-2;1
B00-8;BILIMST-99;ALT10IMST-5;ESIMST-1;IMST-3;3
B00-8;BILIMST-99;ALT10IMST-5;ESIMST-1;IMST-4;7
B00-8;BILIMST-99;ALT10IMST-5;ESIMST-2;IMST-1;6
B00-8;BILIMST-99;ALT10IMST-5;ESIMST-2;IMST-2;3
B00-8;BILIMST-99;ALT10IMST-5;ESIMST-2;IMST-3;1
B00-8;BILIMST-99;ALT10IMST-5;ESIMST-2;IMST-4;6
B00-8;BILIMST-99;ALT10IMST-6;ESIMST-1;IMST-1;3
B00-8;BILIMST-99;ALT10IMST-6;ESIMST-1;IMST-3;3
B00-8;BILIMST-99;ALT10IMST-6;ESIMST-1;IMST-4;2
B00-8;BILIMST-99;ALT10IMST-6;ESIMST-2;IMST-1;3
B00-8;BILIMST-99;ALT10IMST-6;ESIMST-2;IMST-2;2
B00-8;BILIMST-99;ALT10IMST-6;ESIMST-2;IMST-3;1
B00-8;BILIMST-99;ALT10IMST-6;ESIMST-2;IMST-4;5
B00-8;BILIMST-99;ALT10IMST-7;ESIMST-1;IMST-1;3
B00-8;BILIMST-99;ALT10IMST-7;ESIMST-1;IMST-3;2
B00-8;BILIMST-99;ALT10IMST-7;ESIMST-1;IMST-4;1
B00-8;BILIMST-99;ALT10IMST-7;ESIMST-2;IMST-1;5
B00-8;BILIMST-99;ALT10IMST-7;ESIMST-2;IMST-4;4
B00-9;BILIMST-1;ALT10IMST-4;ESIMST-1;IMST-1;9545
B00-9;BILIMST-1;ALT10IMST-4;ESIMST-1;IMST-2;4629
B00-9;BILIMST-1;ALT10IMST-4;ESIMST-1;IMST-3;6577
B00-9;BILIMST-1;ALT10IMST-4;ESIMST-1;IMST-4;7183
B00-9;BILIMST-1;ALT10IMST-4;ESIMST-2;IMST-1;7644
B00-9;BILIMST-1;ALT10IMST-4;ESIMST-2;IMST-2;2442
B00-9;BILIMST-1;ALT10IMST-4;ESIMST-2;IMST-3;6171
B00-9;BILIMST-1;ALT10IMST-4;ESIMST-2;IMST-4;8684
B00-9;BILIMST-1;ALT10IMST-5;ESIMST-1;IMST-1;12535
B00-9;BILIMST-1;ALT10IMST-5;ESIMST-1;IMST-2;6336
B00-9;BILIMST-1;ALT10IMST-5;ESIMST-1;IMST-3;7634
B00-9;BILIMST-1;ALT10IMST-5;ESIMST-1;IMST-4;7179
B00-9;BILIMST-1;ALT10IMST-5;ESIMST-2;IMST-1;7720
B00-9;BILIMST-1;ALT10IMST-5;ESIMST-2;IMST-2;2648
B00-9;BILIMST-1;ALT10IMST-5;ESIMST-2;IMST-3;5211
B00-9;BILIMST-1;ALT10IMST-5;ESIMST-2;IMST-4;7032
B00-9;BILIMST-1;ALT10IMST-6;ESIMST-1;IMST-1;15502
B00-9;BILIMST-1;ALT10IMST-6;ESIMST-1;IMST-2;6507
B00-9;BILIMST-1;ALT10IMST-6;ESIMST-1;IMST-3;5968
B00-9;BILIMST-1;ALT10IMST-6;ESIMST-1;IMST-4;6858
B00-9;BILIMST-1;ALT10IMST-6;ESIMST-2;IMST-1;8932
B00-9;BILIMST-1;ALT10IMST-6;ESIMST-2;IMST-2;2371
B00-9;BILIMST-1;ALT10IMST-6;ESIMST-2;IMST-3;3714
B00-9;BILIMST-1;ALT10IMST-6;ESIMST-2;IMST-4;6223
B00-9;BILIMST-1;ALT10IMST-7;ESIMST-1;IMST-1;11060
B00-9;BILIMST-1;ALT10IMST-7;ESIMST-1;IMST-2;3755
B00-9;BILIMST-1;ALT10IMST-7;ESIMST-1;IMST-3;2246
B00-9;BILIMST-1;ALT10IMST-7;ESIMST-1;IMST-4;3665
B00-9;BILIMST-1;ALT10IMST-7;ESIMST-2;IMST-1;16004
B00-9;BILIMST-1;ALT10IMST-7;ESIMST-2;IMST-2;3366
B00-9;BILIMST-1;ALT10IMST-7;ESIMST-2;IMST-3;2993
B00-9;BILIMST-1;ALT10IMST-7;ESIMST-2;IMST-4;7866
B00-9;BILIMST-2;ALT10IMST-4;ESIMST-1;IMST-1;18194
B00-9;BILIMST-2;ALT10IMST-4;ESIMST-1;IMST-2;11410
B00-9;BILIMST-2;ALT10IMST-4;ESIMST-1;IMST-3;10949
B00-9;BILIMST-2;ALT10IMST-4;ESIMST-1;IMST-4;8621
B00-9;BILIMST-2;ALT10IMST-4;ESIMST-2;IMST-1;5359
B00-9;BILIMST-2;ALT10IMST-4;ESIMST-2;IMST-2;2052
B00-9;BILIMST-2;ALT10IMST-4;ESIMST-2;IMST-3;4340
B00-9;BILIMST-2;ALT10IMST-4;ESIMST-2;IMST-4;5238
B00-9;BILIMST-2;ALT10IMST-5;ESIMST-1;IMST-1;21010
B00-9;BILIMST-2;ALT10IMST-5;ESIMST-1;IMST-2;12464
B00-9;BILIMST-2;ALT10IMST-5;ESIMST-1;IMST-3;10437
B00-9;BILIMST-2;ALT10IMST-5;ESIMST-1;IMST-4;8397
B00-9;BILIMST-2;ALT10IMST-5;ESIMST-2;IMST-1;5734
B00-9;BILIMST-2;ALT10IMST-5;ESIMST-2;IMST-2;1970
B00-9;BILIMST-2;ALT10IMST-5;ESIMST-2;IMST-3;3362
B00-9;BILIMST-2;ALT10IMST-5;ESIMST-2;IMST-4;4521
B00-9;BILIMST-2;ALT10IMST-6;ESIMST-1;IMST-1;31778
B00-9;BILIMST-2;ALT10IMST-6;ESIMST-1;IMST-2;14970
B00-9;BILIMST-2;ALT10IMST-6;ESIMST-1;IMST-3;8551
B00-9;BILIMST-2;ALT10IMST-6;ESIMST-1;IMST-4;8615
B00-9;BILIMST-2;ALT10IMST-6;ESIMST-2;IMST-1;8570
B00-9;BILIMST-2;ALT10IMST-6;ESIMST-2;IMST-2;2075
B00-9;BILIMST-2;ALT10IMST-6;ESIMST-2;IMST-3;2421
B00-9;BILIMST-2;ALT10IMST-6;ESIMST-2;IMST-4;4666
B00-9;BILIMST-2;ALT10IMST-7;ESIMST-1;IMST-1;29811
B00-9;BILIMST-2;ALT10IMST-7;ESIMST-1;IMST-2;11398
B00-9;BILIMST-2;ALT10IMST-7;ESIMST-1;IMST-3;3926
B00-9;BILIMST-2;ALT10IMST-7;ESIMST-1;IMST-4;5723
B00-9;BILIMST-2;ALT10IMST-7;ESIMST-2;IMST-1;27251
B00-9;BILIMST-2;ALT10IMST-7;ESIMST-2;IMST-2;5871
B00-9;BILIMST-2;ALT10IMST-7;ESIMST-2;IMST-3;2624
B00-9;BILIMST-2;ALT10IMST-7;ESIMST-2;IMST-4;8013
B00-9;BILIMST-3;ALT10IMST-4;ESIMST-1;IMST-1;21070
B00-9;BILIMST-3;ALT10IMST-4;ESIMST-1;IMST-2;16730
B00-9;BILIMST-3;ALT10IMST-4;ESIMST-1;IMST-3;8523
B00-9;BILIMST-3;ALT10IMST-4;ESIMST-1;IMST-4;6288
B00-9;BILIMST-3;ALT10IMST-4;ESIMST-2;IMST-1;6930
B00-9;BILIMST-3;ALT10IMST-4;ESIMST-2;IMST-2;3649
B00-9;BILIMST-3;ALT10IMST-4;ESIMST-2;IMST-3;3785
B00-9;BILIMST-3;ALT10IMST-4;ESIMST-2;IMST-4;5130
B00-9;BILIMST-3;ALT10IMST-5;ESIMST-1;IMST-1;16955
B00-9;BILIMST-3;ALT10IMST-5;ESIMST-1;IMST-2;11810
B00-9;BILIMST-3;ALT10IMST-5;ESIMST-1;IMST-3;5867
B00-9;BILIMST-3;ALT10IMST-5;ESIMST-1;IMST-4;4687
B00-9;BILIMST-3;ALT10IMST-5;ESIMST-2;IMST-1;4328
B00-9;BILIMST-3;ALT10IMST-5;ESIMST-2;IMST-2;1812
B00-9;BILIMST-3;ALT10IMST-5;ESIMST-2;IMST-3;2261
B00-9;BILIMST-3;ALT10IMST-5;ESIMST-2;IMST-4;2787
B00-9;BILIMST-3;ALT10IMST-6;ESIMST-1;IMST-1;18888
B00-9;BILIMST-3;ALT10IMST-6;ESIMST-1;IMST-2;10594
B00-9;BILIMST-3;ALT10IMST-6;ESIMST-1;IMST-3;4065
B00-9;BILIMST-3;ALT10IMST-6;ESIMST-1;IMST-4;3786
B00-9;BILIMST-3;ALT10IMST-6;ESIMST-2;IMST-1;3864
B00-9;BILIMST-3;ALT10IMST-6;ESIMST-2;IMST-2;1193
B00-9;BILIMST-3;ALT10IMST-6;ESIMST-2;IMST-3;1228
B00-9;BILIMST-3;ALT10IMST-6;ESIMST-2;IMST-4;2059
B00-9;BILIMST-3;ALT10IMST-7;ESIMST-1;IMST-1;16222
B00-9;BILIMST-3;ALT10IMST-7;ESIMST-1;IMST-2;6723
B00-9;BILIMST-3;ALT10IMST-7;ESIMST-1;IMST-3;1930
B00-9;BILIMST-3;ALT10IMST-7;ESIMST-1;IMST-4;2603
B00-9;BILIMST-3;ALT10IMST-7;ESIMST-2;IMST-1;9049
B00-9;BILIMST-3;ALT10IMST-7;ESIMST-2;IMST-2;2216
B00-9;BILIMST-3;ALT10IMST-7;ESIMST-2;IMST-3;1019
B00-9;BILIMST-3;ALT10IMST-7;ESIMST-2;IMST-4;2758
B00-9;BILIMST-4;ALT10IMST-4;ESIMST-1;IMST-1;32824
B00-9;BILIMST-4;ALT10IMST-4;ESIMST-1;IMST-2;31498
B00-9;BILIMST-4;ALT10IMST-4;ESIMST-1;IMST-3;7803
B00-9;BILIMST-4;ALT10IMST-4;ESIMST-1;IMST-4;5940
B00-9;BILIMST-4;ALT10IMST-4;ESIMST-2;IMST-1;7126
B00-9;BILIMST-4;ALT10IMST-4;ESIMST-2;IMST-2;4410
B00-9;BILIMST-4;ALT10IMST-4;ESIMST-2;IMST-3;2966
B00-9;BILIMST-4;ALT10IMST-4;ESIMST-2;IMST-4;4582
B00-9;BILIMST-4;ALT10IMST-5;ESIMST-1;IMST-1;34115
B00-9;BILIMST-4;ALT10IMST-5;ESIMST-1;IMST-2;28331
B00-9;BILIMST-4;ALT10IMST-5;ESIMST-1;IMST-3;7452
B00-9;BILIMST-4;ALT10IMST-5;ESIMST-1;IMST-4;5896
B00-9;BILIMST-4;ALT10IMST-5;ESIMST-2;IMST-1;6219
B00-9;BILIMST-4;ALT10IMST-5;ESIMST-2;IMST-2;3428
B00-9;BILIMST-4;ALT10IMST-5;ESIMST-2;IMST-3;2294
B00-9;BILIMST-4;ALT10IMST-5;ESIMST-2;IMST-4;2930
B00-9;BILIMST-4;ALT10IMST-6;ESIMST-1;IMST-1;29278
B00-9;BILIMST-4;ALT10IMST-6;ESIMST-1;IMST-2;19633
B00-9;BILIMST-4;ALT10IMST-6;ESIMST-1;IMST-3;4655
B00-9;BILIMST-4;ALT10IMST-6;ESIMST-1;IMST-4;4166
B00-9;BILIMST-4;ALT10IMST-6;ESIMST-2;IMST-1;3569
B00-9;BILIMST-4;ALT10IMST-6;ESIMST-2;IMST-2;1379
B00-9;BILIMST-4;ALT10IMST-6;ESIMST-2;IMST-3;1039
B00-9;BILIMST-4;ALT10IMST-6;ESIMST-2;IMST-4;1815
B00-9;BILIMST-4;ALT10IMST-7;ESIMST-1;IMST-1;23415
B00-9;BILIMST-4;ALT10IMST-7;ESIMST-1;IMST-2;10999
B00-9;BILIMST-4;ALT10IMST-7;ESIMST-1;IMST-3;2010
B00-9;BILIMST-4;ALT10IMST-7;ESIMST-1;IMST-4;2799
B00-9;BILIMST-4;ALT10IMST-7;ESIMST-2;IMST-1;6983
B00-9;BILIMST-4;ALT10IMST-7;ESIMST-2;IMST-2;1883
B00-9;BILIMST-4;ALT10IMST-7;ESIMST-2;IMST-3;762
B00-9;BILIMST-4;ALT10IMST-7;ESIMST-2;IMST-4;2089
B00-9;BILIMST-99;ALT10IMST-4;ESIMST-1;IMST-1;38
B00-9;BILIMST-99;ALT10IMST-4;ESIMST-1;IMST-2;20
B00-9;BILIMST-99;ALT10IMST-4;ESIMST-1;IMST-3;13
B00-9;BILIMST-99;ALT10IMST-4;ESIMST-1;IMST-4;29
B00-9;BILIMST-99;ALT10IMST-4;ESIMST-2;IMST-1;73
B00-9;BILIMST-99;ALT10IMST-4;ESIMST-2;IMST-2;20
B00-9;BILIMST-99;ALT10IMST-4;ESIMST-2;IMST-3;38
B00-9;BILIMST-99;ALT10IMST-4;ESIMST-2;IMST-4;91
B00-9;BILIMST-99;ALT10IMST-5;ESIMST-1;IMST-1;21
B00-9;BILIMST-99;ALT10IMST-5;ESIMST-1;IMST-2;6
B00-9;BILIMST-99;ALT10IMST-5;ESIMST-1;IMST-3;8
B00-9;BILIMST-99;ALT10IMST-5;ESIMST-1;IMST-4;17
B00-9;BILIMST-99;ALT10IMST-5;ESIMST-2;IMST-1;46
B00-9;BILIMST-99;ALT10IMST-5;ESIMST-2;IMST-2;15
B00-9;BILIMST-99;ALT10IMST-5;ESIMST-2;IMST-3;23
B00-9;BILIMST-99;ALT10IMST-5;ESIMST-2;IMST-4;47
B00-9;BILIMST-99;ALT10IMST-6;ESIMST-1;IMST-1;13
B00-9;BILIMST-99;ALT10IMST-6;ESIMST-1;IMST-2;5
B00-9;BILIMST-99;ALT10IMST-6;ESIMST-1;IMST-3;2
B00-9;BILIMST-99;ALT10IMST-6;ESIMST-1;IMST-4;18
B00-9;BILIMST-99;ALT10IMST-6;ESIMST-2;IMST-1;37
B00-9;BILIMST-99;ALT10IMST-6;ESIMST-2;IMST-2;6
B00-9;BILIMST-99;ALT10IMST-6;ESIMST-2;IMST-3;12
B00-9;BILIMST-99;ALT10IMST-6;ESIMST-2;IMST-4;44
B00-9;BILIMST-99;ALT10IMST-7;ESIMST-1;IMST-1;5
B00-9;BILIMST-99;ALT10IMST-7;ESIMST-1;IMST-2;2
B00-9;BILIMST-99;ALT10IMST-7;ESIMST-1;IMST-3;1
B00-9;BILIMST-99;ALT10IMST-7;ESIMST-1;IMST-4;14
B00-9;BILIMST-99;ALT10IMST-7;ESIMST-2;IMST-1;31
B00-9;BILIMST-99;ALT10IMST-7;ESIMST-2;IMST-2;1
B00-9;BILIMST-99;ALT10IMST-7;ESIMST-2;IMST-3;4
B00-9;BILIMST-99;ALT10IMST-7;ESIMST-2;IMST-4;16
